StandardGP,5c16d4e1-85a4-11ef-a0e4-6c5d3a0f8f2f,ppb,74,0,42.674285888671875,0.16104793548583984,3660.0,44.57400131225586,3,1
StandardGP,5c16d4e1-85a4-11ef-a0e4-6c5d3a0f8f2f,ppb,74,1,42.674285888671875,0.01353311538696289,1470.0,44.57400131225586,3,1
StandardGP,5c16d4e1-85a4-11ef-a0e4-6c5d3a0f8f2f,ppb,74,2,37.80787658691406,0.009592056274414062,1072.0,37.68380355834961,3,1
StandardGP,5c16d4e1-85a4-11ef-a0e4-6c5d3a0f8f2f,ppb,74,3,35.8711051940918,0.006999492645263672,660.0,40.20951843261719,3,1
StandardGP,5c16d4e1-85a4-11ef-a0e4-6c5d3a0f8f2f,ppb,74,4,35.8711051940918,0.0069501399993896484,454.0,40.20951843261719,3,1
StandardGP,5c16d4e1-85a4-11ef-a0e4-6c5d3a0f8f2f,ppb,74,5,31.86964225769043,0.007050752639770508,374.0,33.98634338378906,3,1
StandardGP,5c16d4e1-85a4-11ef-a0e4-6c5d3a0f8f2f,ppb,74,6,30.17357635498047,0.006106853485107422,376.0,33.42485427856445,5,1
StandardGP,5c16d4e1-85a4-11ef-a0e4-6c5d3a0f8f2f,ppb,74,7,30.17357635498047,0.00599980354309082,394.0,33.42485427856445,5,1
StandardGP,5c16d4e1-85a4-11ef-a0e4-6c5d3a0f8f2f,ppb,74,8,30.17357635498047,0.005432844161987305,422.0,33.42485427856445,5,1
StandardGP,5c16d4e1-85a4-11ef-a0e4-6c5d3a0f8f2f,ppb,74,9,30.17357635498047,0.007018327713012695,498.0,33.42485427856445,5,1
StandardGP,5c16d4e1-85a4-11ef-a0e4-6c5d3a0f8f2f,ppb,74,10,30.17357635498047,0.006000518798828125,502.0,33.42485427856445,5,1
StandardGP,5c16d4e1-85a4-11ef-a0e4-6c5d3a0f8f2f,ppb,74,11,30.17357635498047,0.007006645202636719,548.0,33.42485427856445,5,1
StandardGP,5c16d4e1-85a4-11ef-a0e4-6c5d3a0f8f2f,ppb,74,12,30.17357635498047,0.0055081844329833984,528.0,33.42485427856445,5,1
StandardGP,5c16d4e1-85a4-11ef-a0e4-6c5d3a0f8f2f,ppb,74,13,30.17357635498047,0.006512165069580078,544.0,33.42485427856445,5,1
StandardGP,5c16d4e1-85a4-11ef-a0e4-6c5d3a0f8f2f,ppb,74,14,28.664653778076172,0.006313800811767578,596.0,25.915966033935547,11,1
StandardGP,5c16d4e1-85a4-11ef-a0e4-6c5d3a0f8f2f,ppb,74,15,28.664653778076172,0.007010936737060547,622.0,25.915966033935547,11,1
StandardGP,5c16d4e1-85a4-11ef-a0e4-6c5d3a0f8f2f,ppb,74,16,28.664653778076172,0.006386995315551758,620.0,25.915966033935547,11,1
StandardGP,5c16d4e1-85a4-11ef-a0e4-6c5d3a0f8f2f,ppb,74,17,28.664653778076172,0.007514238357543945,726.0,25.915966033935547,11,1
StandardGP,5c16d4e1-85a4-11ef-a0e4-6c5d3a0f8f2f,ppb,74,18,28.664653778076172,0.009024858474731445,756.0,25.915966033935547,11,1
StandardGP,5c16d4e1-85a4-11ef-a0e4-6c5d3a0f8f2f,ppb,74,19,28.664653778076172,0.007505655288696289,790.0,25.915966033935547,11,1
StandardGP,5c16d4e1-85a4-11ef-a0e4-6c5d3a0f8f2f,ppb,74,20,28.664653778076172,0.0070002079010009766,810.0,25.915966033935547,11,1
StandardGP,5c16d4e1-85a4-11ef-a0e4-6c5d3a0f8f2f,ppb,74,21,28.664653778076172,0.008538007736206055,822.0,25.915966033935547,11,1
StandardGP,5c16d4e1-85a4-11ef-a0e4-6c5d3a0f8f2f,ppb,74,22,28.664653778076172,0.008510112762451172,834.0,25.915966033935547,11,1
StandardGP,5c16d4e1-85a4-11ef-a0e4-6c5d3a0f8f2f,ppb,74,23,28.664653778076172,0.0066089630126953125,794.0,25.915966033935547,11,1
StandardGP,5c16d4e1-85a4-11ef-a0e4-6c5d3a0f8f2f,ppb,74,24,28.664653778076172,0.007506608963012695,810.0,25.915966033935547,11,1
StandardGP,5c16d4e1-85a4-11ef-a0e4-6c5d3a0f8f2f,ppb,74,25,28.664653778076172,0.00951075553894043,882.0,25.915966033935547,11,1
StandardGP,5c16d4e1-85a4-11ef-a0e4-6c5d3a0f8f2f,ppb,74,26,28.664653778076172,0.009628772735595703,912.0,25.915966033935547,11,1
StandardGP,5c16d4e1-85a4-11ef-a0e4-6c5d3a0f8f2f,ppb,74,27,28.529870986938477,0.008504390716552734,888.0,30.047893524169922,15,1
StandardGP,5c16d4e1-85a4-11ef-a0e4-6c5d3a0f8f2f,ppb,74,28,28.529870986938477,0.009012937545776367,964.0,30.047893524169922,15,1
StandardGP,5c16d4e1-85a4-11ef-a0e4-6c5d3a0f8f2f,ppb,74,29,28.529870986938477,0.009036540985107422,1068.0,30.047893524169922,15,1
StandardGP,5c16d4e1-85a4-11ef-a0e4-6c5d3a0f8f2f,ppb,74,30,28.529870986938477,0.009169816970825195,1144.0,30.047893524169922,15,1
StandardGP,5c16d4e1-85a4-11ef-a0e4-6c5d3a0f8f2f,ppb,74,31,28.42826271057129,0.008012771606445312,1070.0,28.01442527770996,11,1
StandardGP,5c16d4e1-85a4-11ef-a0e4-6c5d3a0f8f2f,ppb,74,32,28.42826271057129,0.0075070858001708984,1050.0,28.01442527770996,11,1
StandardGP,5c16d4e1-85a4-11ef-a0e4-6c5d3a0f8f2f,ppb,74,33,28.42826271057129,0.008015871047973633,1040.0,28.01442527770996,11,1
StandardGP,5c16d4e1-85a4-11ef-a0e4-6c5d3a0f8f2f,ppb,74,34,28.42826271057129,0.008516788482666016,1048.0,28.01442527770996,11,1
StandardGP,5c16d4e1-85a4-11ef-a0e4-6c5d3a0f8f2f,ppb,74,35,28.42826271057129,0.008506059646606445,1022.0,28.01442527770996,11,1
StandardGP,5c16d4e1-85a4-11ef-a0e4-6c5d3a0f8f2f,ppb,74,36,28.42826271057129,0.008509159088134766,1010.0,28.01442527770996,11,1
StandardGP,5c16d4e1-85a4-11ef-a0e4-6c5d3a0f8f2f,ppb,74,37,28.42826271057129,0.04996752738952637,968.0,28.01442527770996,11,1
StandardGP,5c16d4e1-85a4-11ef-a0e4-6c5d3a0f8f2f,ppb,74,38,28.42826271057129,0.008508920669555664,1042.0,28.01442527770996,11,1
StandardGP,5c16d4e1-85a4-11ef-a0e4-6c5d3a0f8f2f,ppb,74,39,28.42826271057129,0.010070085525512695,1138.0,28.01442527770996,11,1
StandardGP,5c16d4e1-85a4-11ef-a0e4-6c5d3a0f8f2f,ppb,74,40,28.42826271057129,0.009515523910522461,1156.0,28.01442527770996,11,1
StandardGP,5c16d4e1-85a4-11ef-a0e4-6c5d3a0f8f2f,ppb,74,41,28.42826271057129,0.009508132934570312,1076.0,28.01442527770996,11,1
StandardGP,5c16d4e1-85a4-11ef-a0e4-6c5d3a0f8f2f,ppb,74,42,28.425703048706055,0.009509801864624023,1110.0,28.06557846069336,13,1
StandardGP,5c16d4e1-85a4-11ef-a0e4-6c5d3a0f8f2f,ppb,74,43,28.425703048706055,0.008830070495605469,1096.0,28.06557846069336,13,1
StandardGP,5c16d4e1-85a4-11ef-a0e4-6c5d3a0f8f2f,ppb,74,44,28.425703048706055,0.00950765609741211,1164.0,28.06557846069336,13,1
StandardGP,5c16d4e1-85a4-11ef-a0e4-6c5d3a0f8f2f,ppb,74,45,28.247161865234375,0.009516716003417969,1236.0,27.79180908203125,21,1
StandardGP,5c16d4e1-85a4-11ef-a0e4-6c5d3a0f8f2f,ppb,74,46,28.247161865234375,0.010243654251098633,1244.0,27.79180908203125,21,1
StandardGP,5c16d4e1-85a4-11ef-a0e4-6c5d3a0f8f2f,ppb,74,47,28.247161865234375,0.00850677490234375,1178.0,27.79180908203125,21,1
StandardGP,5c16d4e1-85a4-11ef-a0e4-6c5d3a0f8f2f,ppb,74,48,28.247161865234375,0.009512186050415039,1338.0,27.79180908203125,21,1
StandardGP,5c16d4e1-85a4-11ef-a0e4-6c5d3a0f8f2f,ppb,74,49,28.004987716674805,0.011629343032836914,1388.0,27.92485237121582,21,1
StandardGP,5c16d4e1-85a4-11ef-a0e4-6c5d3a0f8f2f,ppb,74,50,28.004987716674805,0.011539697647094727,1336.0,27.92485237121582,21,1
StandardGP,5c16d4e1-85a4-11ef-a0e4-6c5d3a0f8f2f,ppb,74,51,27.779708862304688,0.009562253952026367,1420.0,27.92485237121582,25,1
StandardGP,5c16d4e1-85a4-11ef-a0e4-6c5d3a0f8f2f,ppb,74,52,27.7703914642334,0.01260066032409668,1648.0,28.011262893676758,25,1
StandardGP,5c16d4e1-85a4-11ef-a0e4-6c5d3a0f8f2f,ppb,74,53,27.7703914642334,0.012992382049560547,1716.0,28.011262893676758,25,1
StandardGP,5c16d4e1-85a4-11ef-a0e4-6c5d3a0f8f2f,ppb,74,54,27.7703914642334,0.010511636734008789,1578.0,28.011262893676758,25,1
StandardGP,5c16d4e1-85a4-11ef-a0e4-6c5d3a0f8f2f,ppb,74,55,27.7703914642334,0.013063669204711914,1684.0,28.011262893676758,25,1
StandardGP,5c16d4e1-85a4-11ef-a0e4-6c5d3a0f8f2f,ppb,74,56,27.7703914642334,0.01301717758178711,1788.0,28.011262893676758,25,1
StandardGP,5c16d4e1-85a4-11ef-a0e4-6c5d3a0f8f2f,ppb,74,57,27.7703914642334,0.012529373168945312,1838.0,28.011262893676758,25,1
StandardGP,5c16d4e1-85a4-11ef-a0e4-6c5d3a0f8f2f,ppb,74,58,27.7703914642334,0.015020370483398438,1882.0,28.011262893676758,25,1
StandardGP,5c16d4e1-85a4-11ef-a0e4-6c5d3a0f8f2f,ppb,74,59,27.7703914642334,0.014939546585083008,1856.0,28.011262893676758,25,1
StandardGP,5c16d4e1-85a4-11ef-a0e4-6c5d3a0f8f2f,ppb,74,60,27.7703914642334,0.014938116073608398,2108.0,28.011262893676758,25,1
StandardGP,5c16d4e1-85a4-11ef-a0e4-6c5d3a0f8f2f,ppb,74,61,27.7703914642334,0.017539501190185547,2102.0,28.011262893676758,25,1
StandardGP,5c16d4e1-85a4-11ef-a0e4-6c5d3a0f8f2f,ppb,74,62,27.7703914642334,0.01607513427734375,2140.0,28.011262893676758,25,1
StandardGP,5c16d4e1-85a4-11ef-a0e4-6c5d3a0f8f2f,ppb,74,63,27.7703914642334,0.018901824951171875,2358.0,28.011262893676758,25,1
StandardGP,5c16d4e1-85a4-11ef-a0e4-6c5d3a0f8f2f,ppb,74,64,27.765378952026367,0.02152729034423828,2652.0,28.011262893676758,25,1
StandardGP,5c16d4e1-85a4-11ef-a0e4-6c5d3a0f8f2f,ppb,74,65,27.765378952026367,0.023695707321166992,2836.0,28.011262893676758,25,1
StandardGP,5c16d4e1-85a4-11ef-a0e4-6c5d3a0f8f2f,ppb,74,66,27.765378952026367,0.024544477462768555,3036.0,28.011262893676758,25,1
StandardGP,5c16d4e1-85a4-11ef-a0e4-6c5d3a0f8f2f,ppb,74,67,27.712337493896484,0.02628326416015625,3212.0,28.467727661132812,29,1
StandardGP,5c16d4e1-85a4-11ef-a0e4-6c5d3a0f8f2f,ppb,74,68,27.712337493896484,0.02260732650756836,3130.0,28.467727661132812,29,1
StandardGP,5c16d4e1-85a4-11ef-a0e4-6c5d3a0f8f2f,ppb,74,69,27.7117862701416,0.026010990142822266,3200.0,28.467727661132812,33,1
StandardGP,5c16d4e1-85a4-11ef-a0e4-6c5d3a0f8f2f,ppb,74,70,27.7117862701416,0.025538921356201172,3260.0,28.467727661132812,33,1
StandardGP,5c16d4e1-85a4-11ef-a0e4-6c5d3a0f8f2f,ppb,74,71,27.7117862701416,0.024121522903442383,3242.0,28.467727661132812,33,1
StandardGP,5c16d4e1-85a4-11ef-a0e4-6c5d3a0f8f2f,ppb,74,72,27.7117862701416,0.02244734764099121,3354.0,28.467727661132812,33,1
StandardGP,5c16d4e1-85a4-11ef-a0e4-6c5d3a0f8f2f,ppb,74,73,27.7117862701416,0.029175519943237305,3510.0,28.467727661132812,33,1
StandardGP,5c16d4e1-85a4-11ef-a0e4-6c5d3a0f8f2f,ppb,74,74,27.7117862701416,0.027675151824951172,3484.0,28.467727661132812,33,1
StandardGP,5c16d4e1-85a4-11ef-a0e4-6c5d3a0f8f2f,ppb,74,75,27.710769653320312,0.029014110565185547,3688.0,28.467727661132812,43,1
StandardGP,5c16d4e1-85a4-11ef-a0e4-6c5d3a0f8f2f,ppb,74,76,27.710769653320312,0.029494285583496094,3782.0,28.467727661132812,43,1
StandardGP,5c16d4e1-85a4-11ef-a0e4-6c5d3a0f8f2f,ppb,74,77,27.710769653320312,0.030486583709716797,3820.0,28.467727661132812,43,1
StandardGP,5c16d4e1-85a4-11ef-a0e4-6c5d3a0f8f2f,ppb,74,78,27.710769653320312,0.03044414520263672,3934.0,28.467727661132812,43,1
StandardGP,5c16d4e1-85a4-11ef-a0e4-6c5d3a0f8f2f,ppb,74,79,27.684391021728516,0.03195595741271973,4218.0,27.774765014648438,39,1
StandardGP,5c16d4e1-85a4-11ef-a0e4-6c5d3a0f8f2f,ppb,74,80,27.68362045288086,0.03696155548095703,4418.0,27.774765014648438,41,1
StandardGP,5c16d4e1-85a4-11ef-a0e4-6c5d3a0f8f2f,ppb,74,81,27.678674697875977,0.035488128662109375,4508.0,27.774765014648438,43,1
StandardGP,5c16d4e1-85a4-11ef-a0e4-6c5d3a0f8f2f,ppb,74,82,27.576065063476562,0.03747367858886719,4564.0,27.774765014648438,49,1
StandardGP,5c16d4e1-85a4-11ef-a0e4-6c5d3a0f8f2f,ppb,74,83,27.576065063476562,0.03939247131347656,4598.0,27.774765014648438,49,1
StandardGP,5c16d4e1-85a4-11ef-a0e4-6c5d3a0f8f2f,ppb,74,84,27.576065063476562,0.039878129959106445,4676.0,27.774765014648438,49,1
StandardGP,5c16d4e1-85a4-11ef-a0e4-6c5d3a0f8f2f,ppb,74,85,27.576065063476562,0.03877854347229004,4728.0,27.774765014648438,49,1
StandardGP,5c16d4e1-85a4-11ef-a0e4-6c5d3a0f8f2f,ppb,74,86,27.576065063476562,0.04303383827209473,4828.0,27.774765014648438,49,1
StandardGP,5c16d4e1-85a4-11ef-a0e4-6c5d3a0f8f2f,ppb,74,87,27.576065063476562,0.03924989700317383,4870.0,27.774765014648438,49,1
StandardGP,5c16d4e1-85a4-11ef-a0e4-6c5d3a0f8f2f,ppb,74,88,27.576065063476562,0.04223966598510742,4886.0,27.774765014648438,49,1
StandardGP,5c16d4e1-85a4-11ef-a0e4-6c5d3a0f8f2f,ppb,74,89,27.571895599365234,0.03778553009033203,4884.0,27.774765014648438,49,1
StandardGP,5c16d4e1-85a4-11ef-a0e4-6c5d3a0f8f2f,ppb,74,90,27.4262638092041,0.04388904571533203,5014.0,27.774765014648438,57,1
StandardGP,5c16d4e1-85a4-11ef-a0e4-6c5d3a0f8f2f,ppb,74,91,27.418338775634766,0.042884111404418945,5042.0,27.774765014648438,59,1
StandardGP,5c16d4e1-85a4-11ef-a0e4-6c5d3a0f8f2f,ppb,74,92,27.232234954833984,0.04322934150695801,5232.0,27.774765014648438,63,1
StandardGP,5c16d4e1-85a4-11ef-a0e4-6c5d3a0f8f2f,ppb,74,93,27.232234954833984,0.0482640266418457,5296.0,27.774765014648438,63,1
StandardGP,5c16d4e1-85a4-11ef-a0e4-6c5d3a0f8f2f,ppb,74,94,27.232234954833984,0.054993629455566406,5430.0,27.774765014648438,63,1
StandardGP,5c16d4e1-85a4-11ef-a0e4-6c5d3a0f8f2f,ppb,74,95,27.196510314941406,0.05258631706237793,5484.0,27.774765014648438,63,1
StandardGP,5c16d4e1-85a4-11ef-a0e4-6c5d3a0f8f2f,ppb,74,96,27.194856643676758,0.07509255409240723,5702.0,27.774765014648438,57,1
StandardGP,5c16d4e1-85a4-11ef-a0e4-6c5d3a0f8f2f,ppb,74,97,27.194856643676758,0.06891036033630371,5648.0,27.774765014648438,57,1
StandardGP,5c16d4e1-85a4-11ef-a0e4-6c5d3a0f8f2f,ppb,74,98,27.178945541381836,0.05531001091003418,5600.0,27.774765014648438,61,1
StandardGP,5c16d4e1-85a4-11ef-a0e4-6c5d3a0f8f2f,ppb,74,99,27.178945541381836,0.06457638740539551,5664.0,27.774765014648438,61,1
StandardGP,5c16d4e1-85a4-11ef-a0e4-6c5d3a0f8f2f,ppb,74,100,27.167638778686523,0.06045413017272949,5646.0,27.774765014648438,57,1
StandardGP,b5a3fb42-85a4-11ef-bfcb-6c5d3a0f8f2f,ppb,74,0,42.674285888671875,0.15655517578125,3660.0,44.57400131225586,3,1
StandardGP,b5a3fb42-85a4-11ef-bfcb-6c5d3a0f8f2f,ppb,74,1,42.674285888671875,0.05829954147338867,1470.0,44.57400131225586,3,1
StandardGP,b5a3fb42-85a4-11ef-bfcb-6c5d3a0f8f2f,ppb,74,2,37.80787658691406,0.00850677490234375,1072.0,37.68380355834961,3,1
StandardGP,b5a3fb42-85a4-11ef-bfcb-6c5d3a0f8f2f,ppb,74,3,35.8711051940918,0.008026361465454102,660.0,40.20951843261719,3,1
StandardGP,b5a3fb42-85a4-11ef-bfcb-6c5d3a0f8f2f,ppb,74,4,35.8711051940918,0.006505250930786133,454.0,40.20951843261719,3,1
StandardGP,b5a3fb42-85a4-11ef-bfcb-6c5d3a0f8f2f,ppb,74,5,31.86964225769043,0.007352352142333984,374.0,33.98634338378906,3,1
StandardGP,b5a3fb42-85a4-11ef-bfcb-6c5d3a0f8f2f,ppb,74,6,30.17357635498047,0.006513357162475586,376.0,33.42485427856445,5,1
StandardGP,b5a3fb42-85a4-11ef-bfcb-6c5d3a0f8f2f,ppb,74,7,30.17357635498047,0.00702667236328125,394.0,33.42485427856445,5,1
StandardGP,b5a3fb42-85a4-11ef-bfcb-6c5d3a0f8f2f,ppb,74,8,30.17357635498047,0.005999326705932617,422.0,33.42485427856445,5,1
StandardGP,b5a3fb42-85a4-11ef-bfcb-6c5d3a0f8f2f,ppb,74,9,30.17357635498047,0.005506992340087891,498.0,33.42485427856445,5,1
StandardGP,b5a3fb42-85a4-11ef-bfcb-6c5d3a0f8f2f,ppb,74,10,30.17357635498047,0.0065135955810546875,502.0,33.42485427856445,5,1
StandardGP,b5a3fb42-85a4-11ef-bfcb-6c5d3a0f8f2f,ppb,74,11,30.17357635498047,0.0069997310638427734,548.0,33.42485427856445,5,1
StandardGP,b5a3fb42-85a4-11ef-bfcb-6c5d3a0f8f2f,ppb,74,12,30.17357635498047,0.006712198257446289,528.0,33.42485427856445,5,1
StandardGP,b5a3fb42-85a4-11ef-bfcb-6c5d3a0f8f2f,ppb,74,13,30.17357635498047,0.006506443023681641,544.0,33.42485427856445,5,1
StandardGP,b5a3fb42-85a4-11ef-bfcb-6c5d3a0f8f2f,ppb,74,14,28.664653778076172,0.007687807083129883,596.0,25.915966033935547,11,1
StandardGP,b5a3fb42-85a4-11ef-bfcb-6c5d3a0f8f2f,ppb,74,15,28.664653778076172,0.006999969482421875,622.0,25.915966033935547,11,1
StandardGP,b5a3fb42-85a4-11ef-bfcb-6c5d3a0f8f2f,ppb,74,16,28.664653778076172,0.007225751876831055,620.0,25.915966033935547,11,1
StandardGP,b5a3fb42-85a4-11ef-bfcb-6c5d3a0f8f2f,ppb,74,17,28.664653778076172,0.007522106170654297,726.0,25.915966033935547,11,1
StandardGP,b5a3fb42-85a4-11ef-bfcb-6c5d3a0f8f2f,ppb,74,18,28.664653778076172,0.00941920280456543,756.0,25.915966033935547,11,1
StandardGP,b5a3fb42-85a4-11ef-bfcb-6c5d3a0f8f2f,ppb,74,19,28.664653778076172,0.007714748382568359,790.0,25.915966033935547,11,1
StandardGP,b5a3fb42-85a4-11ef-bfcb-6c5d3a0f8f2f,ppb,74,20,28.664653778076172,0.008026838302612305,810.0,25.915966033935547,11,1
StandardGP,b5a3fb42-85a4-11ef-bfcb-6c5d3a0f8f2f,ppb,74,21,28.664653778076172,0.007999897003173828,822.0,25.915966033935547,11,1
StandardGP,b5a3fb42-85a4-11ef-bfcb-6c5d3a0f8f2f,ppb,74,22,28.664653778076172,0.009057044982910156,834.0,25.915966033935547,11,1
StandardGP,b5a3fb42-85a4-11ef-bfcb-6c5d3a0f8f2f,ppb,74,23,28.664653778076172,0.006507158279418945,794.0,25.915966033935547,11,1
StandardGP,b5a3fb42-85a4-11ef-bfcb-6c5d3a0f8f2f,ppb,74,24,28.664653778076172,0.006494283676147461,810.0,25.915966033935547,11,1
StandardGP,b5a3fb42-85a4-11ef-bfcb-6c5d3a0f8f2f,ppb,74,25,28.664653778076172,0.009506464004516602,882.0,25.915966033935547,11,1
StandardGP,b5a3fb42-85a4-11ef-bfcb-6c5d3a0f8f2f,ppb,74,26,28.664653778076172,0.009954452514648438,912.0,25.915966033935547,11,1
StandardGP,b5a3fb42-85a4-11ef-bfcb-6c5d3a0f8f2f,ppb,74,27,28.529870986938477,0.007504463195800781,888.0,30.047893524169922,15,1
StandardGP,b5a3fb42-85a4-11ef-bfcb-6c5d3a0f8f2f,ppb,74,28,28.529870986938477,0.008882999420166016,964.0,30.047893524169922,15,1
StandardGP,b5a3fb42-85a4-11ef-bfcb-6c5d3a0f8f2f,ppb,74,29,28.529870986938477,0.008006811141967773,1068.0,30.047893524169922,15,1
StandardGP,b5a3fb42-85a4-11ef-bfcb-6c5d3a0f8f2f,ppb,74,30,28.529870986938477,0.009508371353149414,1144.0,30.047893524169922,15,1
StandardGP,b5a3fb42-85a4-11ef-bfcb-6c5d3a0f8f2f,ppb,74,31,28.42826271057129,0.008520126342773438,1070.0,28.01442527770996,11,1
StandardGP,b5a3fb42-85a4-11ef-bfcb-6c5d3a0f8f2f,ppb,74,32,28.42826271057129,0.008516550064086914,1050.0,28.01442527770996,11,1
StandardGP,b5a3fb42-85a4-11ef-bfcb-6c5d3a0f8f2f,ppb,74,33,28.42826271057129,0.00750732421875,1040.0,28.01442527770996,11,1
StandardGP,b5a3fb42-85a4-11ef-bfcb-6c5d3a0f8f2f,ppb,74,34,28.42826271057129,0.007509708404541016,1048.0,28.01442527770996,11,1
StandardGP,b5a3fb42-85a4-11ef-bfcb-6c5d3a0f8f2f,ppb,74,35,28.42826271057129,0.007010936737060547,1022.0,28.01442527770996,11,1
StandardGP,b5a3fb42-85a4-11ef-bfcb-6c5d3a0f8f2f,ppb,74,36,28.42826271057129,0.008506536483764648,1010.0,28.01442527770996,11,1
StandardGP,b5a3fb42-85a4-11ef-bfcb-6c5d3a0f8f2f,ppb,74,37,28.42826271057129,0.008518695831298828,968.0,28.01442527770996,11,1
StandardGP,b5a3fb42-85a4-11ef-bfcb-6c5d3a0f8f2f,ppb,74,38,28.42826271057129,0.008000373840332031,1042.0,28.01442527770996,11,1
StandardGP,b5a3fb42-85a4-11ef-bfcb-6c5d3a0f8f2f,ppb,74,39,28.42826271057129,0.01001739501953125,1138.0,28.01442527770996,11,1
StandardGP,b5a3fb42-85a4-11ef-bfcb-6c5d3a0f8f2f,ppb,74,40,28.42826271057129,0.00951838493347168,1156.0,28.01442527770996,11,1
StandardGP,b5a3fb42-85a4-11ef-bfcb-6c5d3a0f8f2f,ppb,74,41,28.42826271057129,0.00951695442199707,1076.0,28.01442527770996,11,1
StandardGP,b5a3fb42-85a4-11ef-bfcb-6c5d3a0f8f2f,ppb,74,42,28.425703048706055,0.008507251739501953,1110.0,28.06557846069336,13,1
StandardGP,b5a3fb42-85a4-11ef-bfcb-6c5d3a0f8f2f,ppb,74,43,28.425703048706055,0.00951528549194336,1096.0,28.06557846069336,13,1
StandardGP,b5a3fb42-85a4-11ef-bfcb-6c5d3a0f8f2f,ppb,74,44,28.425703048706055,0.010329008102416992,1164.0,28.06557846069336,13,1
StandardGP,b5a3fb42-85a4-11ef-bfcb-6c5d3a0f8f2f,ppb,74,45,28.247161865234375,0.008484363555908203,1236.0,27.79180908203125,21,1
StandardGP,b5a3fb42-85a4-11ef-bfcb-6c5d3a0f8f2f,ppb,74,46,28.247161865234375,0.01103520393371582,1244.0,27.79180908203125,21,1
StandardGP,b5a3fb42-85a4-11ef-bfcb-6c5d3a0f8f2f,ppb,74,47,28.247161865234375,0.009001493453979492,1178.0,27.79180908203125,21,1
StandardGP,b5a3fb42-85a4-11ef-bfcb-6c5d3a0f8f2f,ppb,74,48,28.247161865234375,0.009687185287475586,1338.0,27.79180908203125,21,1
StandardGP,b5a3fb42-85a4-11ef-bfcb-6c5d3a0f8f2f,ppb,74,49,28.004987716674805,0.010024070739746094,1388.0,27.92485237121582,21,1
StandardGP,b5a3fb42-85a4-11ef-bfcb-6c5d3a0f8f2f,ppb,74,50,28.004987716674805,0.010584592819213867,1336.0,27.92485237121582,21,1
StandardGP,b5a3fb42-85a4-11ef-bfcb-6c5d3a0f8f2f,ppb,74,51,27.779708862304688,0.009506464004516602,1420.0,27.92485237121582,25,1
StandardGP,b5a3fb42-85a4-11ef-bfcb-6c5d3a0f8f2f,ppb,74,52,27.7703914642334,0.011658906936645508,1648.0,28.011262893676758,25,1
StandardGP,b5a3fb42-85a4-11ef-bfcb-6c5d3a0f8f2f,ppb,74,53,27.7703914642334,0.013059139251708984,1716.0,28.011262893676758,25,1
StandardGP,b5a3fb42-85a4-11ef-bfcb-6c5d3a0f8f2f,ppb,74,54,27.7703914642334,0.010520458221435547,1578.0,28.011262893676758,25,1
StandardGP,b5a3fb42-85a4-11ef-bfcb-6c5d3a0f8f2f,ppb,74,55,27.7703914642334,0.013916492462158203,1684.0,28.011262893676758,25,1
StandardGP,b5a3fb42-85a4-11ef-bfcb-6c5d3a0f8f2f,ppb,74,56,27.7703914642334,0.012518882751464844,1788.0,28.011262893676758,25,1
StandardGP,b5a3fb42-85a4-11ef-bfcb-6c5d3a0f8f2f,ppb,74,57,27.7703914642334,0.014443397521972656,1838.0,28.011262893676758,25,1
StandardGP,b5a3fb42-85a4-11ef-bfcb-6c5d3a0f8f2f,ppb,74,58,27.7703914642334,0.014822244644165039,1882.0,28.011262893676758,25,1
StandardGP,b5a3fb42-85a4-11ef-bfcb-6c5d3a0f8f2f,ppb,74,59,27.7703914642334,0.014730453491210938,1856.0,28.011262893676758,25,1
StandardGP,b5a3fb42-85a4-11ef-bfcb-6c5d3a0f8f2f,ppb,74,60,27.7703914642334,0.015055179595947266,2108.0,28.011262893676758,25,1
StandardGP,b5a3fb42-85a4-11ef-bfcb-6c5d3a0f8f2f,ppb,74,61,27.7703914642334,0.01663517951965332,2102.0,28.011262893676758,25,1
StandardGP,b5a3fb42-85a4-11ef-bfcb-6c5d3a0f8f2f,ppb,74,62,27.7703914642334,0.01632404327392578,2140.0,28.011262893676758,25,1
StandardGP,b5a3fb42-85a4-11ef-bfcb-6c5d3a0f8f2f,ppb,74,63,27.7703914642334,0.018579959869384766,2358.0,28.011262893676758,25,1
StandardGP,b5a3fb42-85a4-11ef-bfcb-6c5d3a0f8f2f,ppb,74,64,27.765378952026367,0.021253108978271484,2652.0,28.011262893676758,25,1
StandardGP,b5a3fb42-85a4-11ef-bfcb-6c5d3a0f8f2f,ppb,74,65,27.765378952026367,0.023158788681030273,2836.0,28.011262893676758,25,1
StandardGP,b5a3fb42-85a4-11ef-bfcb-6c5d3a0f8f2f,ppb,74,66,27.765378952026367,0.024973154067993164,3036.0,28.011262893676758,25,1
StandardGP,b5a3fb42-85a4-11ef-bfcb-6c5d3a0f8f2f,ppb,74,67,27.712337493896484,0.025539875030517578,3212.0,28.467727661132812,29,1
StandardGP,b5a3fb42-85a4-11ef-bfcb-6c5d3a0f8f2f,ppb,74,68,27.712337493896484,0.021976709365844727,3130.0,28.467727661132812,29,1
StandardGP,b5a3fb42-85a4-11ef-bfcb-6c5d3a0f8f2f,ppb,74,69,27.7117862701416,0.024530649185180664,3200.0,28.467727661132812,33,1
StandardGP,b5a3fb42-85a4-11ef-bfcb-6c5d3a0f8f2f,ppb,74,70,27.7117862701416,0.023492097854614258,3260.0,28.467727661132812,33,1
StandardGP,b5a3fb42-85a4-11ef-bfcb-6c5d3a0f8f2f,ppb,74,71,27.7117862701416,0.0246431827545166,3242.0,28.467727661132812,33,1
StandardGP,b5a3fb42-85a4-11ef-bfcb-6c5d3a0f8f2f,ppb,74,72,27.7117862701416,0.023113250732421875,3354.0,28.467727661132812,33,1
StandardGP,b5a3fb42-85a4-11ef-bfcb-6c5d3a0f8f2f,ppb,74,73,27.7117862701416,0.027233362197875977,3510.0,28.467727661132812,33,1
StandardGP,b5a3fb42-85a4-11ef-bfcb-6c5d3a0f8f2f,ppb,74,74,27.7117862701416,0.026745080947875977,3484.0,28.467727661132812,33,1
StandardGP,b5a3fb42-85a4-11ef-bfcb-6c5d3a0f8f2f,ppb,74,75,27.710769653320312,0.028771400451660156,3688.0,28.467727661132812,43,1
StandardGP,b5a3fb42-85a4-11ef-bfcb-6c5d3a0f8f2f,ppb,74,76,27.710769653320312,0.027508020401000977,3782.0,28.467727661132812,43,1
StandardGP,b5a3fb42-85a4-11ef-bfcb-6c5d3a0f8f2f,ppb,74,77,27.710769653320312,0.031005859375,3820.0,28.467727661132812,43,1
StandardGP,b5a3fb42-85a4-11ef-bfcb-6c5d3a0f8f2f,ppb,74,78,27.710769653320312,0.03200984001159668,3934.0,28.467727661132812,43,1
StandardGP,b5a3fb42-85a4-11ef-bfcb-6c5d3a0f8f2f,ppb,74,79,27.684391021728516,0.032042503356933594,4218.0,27.774765014648438,39,1
StandardGP,b5a3fb42-85a4-11ef-bfcb-6c5d3a0f8f2f,ppb,74,80,27.68362045288086,0.034002065658569336,4418.0,27.774765014648438,41,1
StandardGP,b5a3fb42-85a4-11ef-bfcb-6c5d3a0f8f2f,ppb,74,81,27.678674697875977,0.034873008728027344,4508.0,27.774765014648438,43,1
StandardGP,b5a3fb42-85a4-11ef-bfcb-6c5d3a0f8f2f,ppb,74,82,27.576065063476562,0.036798715591430664,4564.0,27.774765014648438,49,1
StandardGP,b5a3fb42-85a4-11ef-bfcb-6c5d3a0f8f2f,ppb,74,83,27.576065063476562,0.03925037384033203,4598.0,27.774765014648438,49,1
StandardGP,b5a3fb42-85a4-11ef-bfcb-6c5d3a0f8f2f,ppb,74,84,27.576065063476562,0.03998231887817383,4676.0,27.774765014648438,49,1
StandardGP,b5a3fb42-85a4-11ef-bfcb-6c5d3a0f8f2f,ppb,74,85,27.576065063476562,0.03984856605529785,4728.0,27.774765014648438,49,1
StandardGP,b5a3fb42-85a4-11ef-bfcb-6c5d3a0f8f2f,ppb,74,86,27.576065063476562,0.04216957092285156,4828.0,27.774765014648438,49,1
StandardGP,b5a3fb42-85a4-11ef-bfcb-6c5d3a0f8f2f,ppb,74,87,27.576065063476562,0.03888988494873047,4870.0,27.774765014648438,49,1
StandardGP,b5a3fb42-85a4-11ef-bfcb-6c5d3a0f8f2f,ppb,74,88,27.576065063476562,0.042128801345825195,4886.0,27.774765014648438,49,1
StandardGP,b5a3fb42-85a4-11ef-bfcb-6c5d3a0f8f2f,ppb,74,89,27.571895599365234,0.03915810585021973,4884.0,27.774765014648438,49,1
StandardGP,b5a3fb42-85a4-11ef-bfcb-6c5d3a0f8f2f,ppb,74,90,27.4262638092041,0.04284548759460449,5014.0,27.774765014648438,57,1
StandardGP,b5a3fb42-85a4-11ef-bfcb-6c5d3a0f8f2f,ppb,74,91,27.418338775634766,0.042606353759765625,5042.0,27.774765014648438,59,1
StandardGP,b5a3fb42-85a4-11ef-bfcb-6c5d3a0f8f2f,ppb,74,92,27.232234954833984,0.04759860038757324,5232.0,27.774765014648438,63,1
StandardGP,b5a3fb42-85a4-11ef-bfcb-6c5d3a0f8f2f,ppb,74,93,27.232234954833984,0.0472416877746582,5296.0,27.774765014648438,63,1
StandardGP,b5a3fb42-85a4-11ef-bfcb-6c5d3a0f8f2f,ppb,74,94,27.232234954833984,0.05616283416748047,5430.0,27.774765014648438,63,1
StandardGP,b5a3fb42-85a4-11ef-bfcb-6c5d3a0f8f2f,ppb,74,95,27.196510314941406,0.05305624008178711,5484.0,27.774765014648438,63,1
StandardGP,b5a3fb42-85a4-11ef-bfcb-6c5d3a0f8f2f,ppb,74,96,27.194856643676758,0.07362604141235352,5702.0,27.774765014648438,57,1
StandardGP,b5a3fb42-85a4-11ef-bfcb-6c5d3a0f8f2f,ppb,74,97,27.194856643676758,0.0702970027923584,5648.0,27.774765014648438,57,1
StandardGP,b5a3fb42-85a4-11ef-bfcb-6c5d3a0f8f2f,ppb,74,98,27.178945541381836,0.056987762451171875,5600.0,27.774765014648438,61,1
StandardGP,b5a3fb42-85a4-11ef-bfcb-6c5d3a0f8f2f,ppb,74,99,27.178945541381836,0.06326770782470703,5664.0,27.774765014648438,61,1
StandardGP,b5a3fb42-85a4-11ef-bfcb-6c5d3a0f8f2f,ppb,74,100,27.167638778686523,0.060857295989990234,5646.0,27.774765014648438,57,1
StandardGP,7a9e0afd-85a5-11ef-af75-6c5d3a0f8f2f,ppb,74,0,42.674285888671875,0.16077232360839844,3660.0,44.57400131225586,3,1
StandardGP,7a9e0afd-85a5-11ef-af75-6c5d3a0f8f2f,ppb,74,1,42.674285888671875,0.055616140365600586,1470.0,44.57400131225586,3,1
StandardGP,7a9e0afd-85a5-11ef-af75-6c5d3a0f8f2f,ppb,74,2,37.80787658691406,0.011522769927978516,1072.0,37.68380355834961,3,1
StandardGP,7a9e0afd-85a5-11ef-af75-6c5d3a0f8f2f,ppb,74,3,35.8711051940918,0.006999015808105469,660.0,40.20951843261719,3,1
StandardGP,7a9e0afd-85a5-11ef-af75-6c5d3a0f8f2f,ppb,74,4,35.8711051940918,0.006506681442260742,454.0,40.20951843261719,3,1
StandardGP,7a9e0afd-85a5-11ef-af75-6c5d3a0f8f2f,ppb,74,5,31.86964225769043,0.006509542465209961,374.0,33.98634338378906,3,1
StandardGP,7a9e0afd-85a5-11ef-af75-6c5d3a0f8f2f,ppb,74,6,30.17357635498047,0.006510496139526367,376.0,33.42485427856445,5,1
StandardGP,7a9e0afd-85a5-11ef-af75-6c5d3a0f8f2f,ppb,74,7,30.17357635498047,0.0075168609619140625,394.0,33.42485427856445,5,1
StandardGP,7a9e0afd-85a5-11ef-af75-6c5d3a0f8f2f,ppb,74,8,30.17357635498047,0.0065059661865234375,422.0,33.42485427856445,5,1
StandardGP,7a9e0afd-85a5-11ef-af75-6c5d3a0f8f2f,ppb,74,9,30.17357635498047,0.00599980354309082,498.0,33.42485427856445,5,1
StandardGP,7a9e0afd-85a5-11ef-af75-6c5d3a0f8f2f,ppb,74,10,30.17357635498047,0.007550954818725586,502.0,33.42485427856445,5,1
StandardGP,7a9e0afd-85a5-11ef-af75-6c5d3a0f8f2f,ppb,74,11,30.17357635498047,0.008022069931030273,548.0,33.42485427856445,5,1
StandardGP,7a9e0afd-85a5-11ef-af75-6c5d3a0f8f2f,ppb,74,12,30.17357635498047,0.006760120391845703,528.0,33.42485427856445,5,1
StandardGP,7a9e0afd-85a5-11ef-af75-6c5d3a0f8f2f,ppb,74,13,30.17357635498047,0.007000923156738281,544.0,33.42485427856445,5,1
StandardGP,7a9e0afd-85a5-11ef-af75-6c5d3a0f8f2f,ppb,74,14,28.664653778076172,0.006514072418212891,596.0,25.915966033935547,11,1
StandardGP,7a9e0afd-85a5-11ef-af75-6c5d3a0f8f2f,ppb,74,15,28.664653778076172,0.007517814636230469,622.0,25.915966033935547,11,1
StandardGP,7a9e0afd-85a5-11ef-af75-6c5d3a0f8f2f,ppb,74,16,28.664653778076172,0.007518291473388672,620.0,25.915966033935547,11,1
StandardGP,7a9e0afd-85a5-11ef-af75-6c5d3a0f8f2f,ppb,74,17,28.664653778076172,0.007506132125854492,726.0,25.915966033935547,11,1
StandardGP,7a9e0afd-85a5-11ef-af75-6c5d3a0f8f2f,ppb,74,18,28.664653778076172,0.009509563446044922,756.0,25.915966033935547,11,1
StandardGP,7a9e0afd-85a5-11ef-af75-6c5d3a0f8f2f,ppb,74,19,28.664653778076172,0.007510662078857422,790.0,25.915966033935547,11,1
StandardGP,7a9e0afd-85a5-11ef-af75-6c5d3a0f8f2f,ppb,74,20,28.664653778076172,0.008013010025024414,810.0,25.915966033935547,11,1
StandardGP,7a9e0afd-85a5-11ef-af75-6c5d3a0f8f2f,ppb,74,21,28.664653778076172,0.007508516311645508,822.0,25.915966033935547,11,1
StandardGP,7a9e0afd-85a5-11ef-af75-6c5d3a0f8f2f,ppb,74,22,28.664653778076172,0.007555723190307617,834.0,25.915966033935547,11,1
StandardGP,7a9e0afd-85a5-11ef-af75-6c5d3a0f8f2f,ppb,74,23,28.664653778076172,0.00602269172668457,794.0,25.915966033935547,11,1
StandardGP,7a9e0afd-85a5-11ef-af75-6c5d3a0f8f2f,ppb,74,24,28.664653778076172,0.0069997310638427734,810.0,25.915966033935547,11,1
StandardGP,7a9e0afd-85a5-11ef-af75-6c5d3a0f8f2f,ppb,74,25,28.664653778076172,0.008001089096069336,882.0,25.915966033935547,11,1
StandardGP,7a9e0afd-85a5-11ef-af75-6c5d3a0f8f2f,ppb,74,26,28.664653778076172,0.008524656295776367,912.0,25.915966033935547,11,1
StandardGP,7a9e0afd-85a5-11ef-af75-6c5d3a0f8f2f,ppb,74,27,28.529870986938477,0.008510828018188477,888.0,30.047893524169922,15,1
StandardGP,7a9e0afd-85a5-11ef-af75-6c5d3a0f8f2f,ppb,74,28,28.529870986938477,0.007506608963012695,964.0,30.047893524169922,15,1
StandardGP,7a9e0afd-85a5-11ef-af75-6c5d3a0f8f2f,ppb,74,29,28.529870986938477,0.008536815643310547,1068.0,30.047893524169922,15,1
StandardGP,7a9e0afd-85a5-11ef-af75-6c5d3a0f8f2f,ppb,74,30,28.529870986938477,0.010030508041381836,1144.0,30.047893524169922,15,1
StandardGP,7a9e0afd-85a5-11ef-af75-6c5d3a0f8f2f,ppb,74,31,28.42826271057129,0.009508609771728516,1070.0,28.01442527770996,11,1
StandardGP,7a9e0afd-85a5-11ef-af75-6c5d3a0f8f2f,ppb,74,32,28.42826271057129,0.008516788482666016,1050.0,28.01442527770996,11,1
StandardGP,7a9e0afd-85a5-11ef-af75-6c5d3a0f8f2f,ppb,74,33,28.42826271057129,0.0075054168701171875,1040.0,28.01442527770996,11,1
StandardGP,7a9e0afd-85a5-11ef-af75-6c5d3a0f8f2f,ppb,74,34,28.42826271057129,0.009021282196044922,1048.0,28.01442527770996,11,1
StandardGP,7a9e0afd-85a5-11ef-af75-6c5d3a0f8f2f,ppb,74,35,28.42826271057129,0.007513761520385742,1022.0,28.01442527770996,11,1
StandardGP,7a9e0afd-85a5-11ef-af75-6c5d3a0f8f2f,ppb,74,36,28.42826271057129,0.008506298065185547,1010.0,28.01442527770996,11,1
StandardGP,7a9e0afd-85a5-11ef-af75-6c5d3a0f8f2f,ppb,74,37,28.42826271057129,0.0080108642578125,968.0,28.01442527770996,11,1
StandardGP,7a9e0afd-85a5-11ef-af75-6c5d3a0f8f2f,ppb,74,38,28.42826271057129,0.009520530700683594,1042.0,28.01442527770996,11,1
StandardGP,7a9e0afd-85a5-11ef-af75-6c5d3a0f8f2f,ppb,74,39,28.42826271057129,0.009507179260253906,1138.0,28.01442527770996,11,1
StandardGP,7a9e0afd-85a5-11ef-af75-6c5d3a0f8f2f,ppb,74,40,28.42826271057129,0.008504867553710938,1156.0,28.01442527770996,11,1
StandardGP,7a9e0afd-85a5-11ef-af75-6c5d3a0f8f2f,ppb,74,41,28.42826271057129,0.009015798568725586,1076.0,28.01442527770996,11,1
StandardGP,7a9e0afd-85a5-11ef-af75-6c5d3a0f8f2f,ppb,74,42,28.425703048706055,0.009504556655883789,1110.0,28.06557846069336,13,1
StandardGP,7a9e0afd-85a5-11ef-af75-6c5d3a0f8f2f,ppb,74,43,28.425703048706055,0.008001327514648438,1096.0,28.06557846069336,13,1
StandardGP,7a9e0afd-85a5-11ef-af75-6c5d3a0f8f2f,ppb,74,44,28.425703048706055,0.010032176971435547,1164.0,28.06557846069336,13,1
StandardGP,7a9e0afd-85a5-11ef-af75-6c5d3a0f8f2f,ppb,74,45,28.247161865234375,0.010515689849853516,1236.0,27.79180908203125,21,1
StandardGP,7a9e0afd-85a5-11ef-af75-6c5d3a0f8f2f,ppb,74,46,28.247161865234375,0.010515451431274414,1244.0,27.79180908203125,21,1
StandardGP,7a9e0afd-85a5-11ef-af75-6c5d3a0f8f2f,ppb,74,47,28.247161865234375,0.009525299072265625,1178.0,27.79180908203125,21,1
StandardGP,7a9e0afd-85a5-11ef-af75-6c5d3a0f8f2f,ppb,74,48,28.247161865234375,0.011528730392456055,1338.0,27.79180908203125,21,1
StandardGP,7a9e0afd-85a5-11ef-af75-6c5d3a0f8f2f,ppb,74,49,28.004987716674805,0.01050710678100586,1388.0,27.92485237121582,21,1
StandardGP,7a9e0afd-85a5-11ef-af75-6c5d3a0f8f2f,ppb,74,50,28.004987716674805,0.011025428771972656,1336.0,27.92485237121582,21,1
StandardGP,7a9e0afd-85a5-11ef-af75-6c5d3a0f8f2f,ppb,74,51,27.779708862304688,0.010518312454223633,1420.0,27.92485237121582,25,1
StandardGP,7a9e0afd-85a5-11ef-af75-6c5d3a0f8f2f,ppb,74,52,27.7703914642334,0.011506319046020508,1648.0,28.011262893676758,25,1
StandardGP,7a9e0afd-85a5-11ef-af75-6c5d3a0f8f2f,ppb,74,53,27.7703914642334,0.014539003372192383,1716.0,28.011262893676758,25,1
StandardGP,7a9e0afd-85a5-11ef-af75-6c5d3a0f8f2f,ppb,74,54,27.7703914642334,0.010505437850952148,1578.0,28.011262893676758,25,1
StandardGP,7a9e0afd-85a5-11ef-af75-6c5d3a0f8f2f,ppb,74,55,27.7703914642334,0.012164115905761719,1684.0,28.011262893676758,25,1
StandardGP,7a9e0afd-85a5-11ef-af75-6c5d3a0f8f2f,ppb,74,56,27.7703914642334,0.013040781021118164,1788.0,28.011262893676758,25,1
StandardGP,7a9e0afd-85a5-11ef-af75-6c5d3a0f8f2f,ppb,74,57,27.7703914642334,0.013506889343261719,1838.0,28.011262893676758,25,1
StandardGP,7a9e0afd-85a5-11ef-af75-6c5d3a0f8f2f,ppb,74,58,27.7703914642334,0.015549898147583008,1882.0,28.011262893676758,25,1
StandardGP,7a9e0afd-85a5-11ef-af75-6c5d3a0f8f2f,ppb,74,59,27.7703914642334,0.014509201049804688,1856.0,28.011262893676758,25,1
StandardGP,7a9e0afd-85a5-11ef-af75-6c5d3a0f8f2f,ppb,74,60,27.7703914642334,0.01659989356994629,2108.0,28.011262893676758,25,1
StandardGP,7a9e0afd-85a5-11ef-af75-6c5d3a0f8f2f,ppb,74,61,27.7703914642334,0.017024755477905273,2102.0,28.011262893676758,25,1
StandardGP,7a9e0afd-85a5-11ef-af75-6c5d3a0f8f2f,ppb,74,62,27.7703914642334,0.018041372299194336,2140.0,28.011262893676758,25,1
StandardGP,7a9e0afd-85a5-11ef-af75-6c5d3a0f8f2f,ppb,74,63,27.7703914642334,0.016506433486938477,2358.0,28.011262893676758,25,1
StandardGP,7a9e0afd-85a5-11ef-af75-6c5d3a0f8f2f,ppb,74,64,27.765378952026367,0.02153921127319336,2652.0,28.011262893676758,25,1
StandardGP,7a9e0afd-85a5-11ef-af75-6c5d3a0f8f2f,ppb,74,65,27.765378952026367,0.0235445499420166,2836.0,28.011262893676758,25,1
StandardGP,7a9e0afd-85a5-11ef-af75-6c5d3a0f8f2f,ppb,74,66,27.765378952026367,0.02404332160949707,3036.0,28.011262893676758,25,1
StandardGP,7a9e0afd-85a5-11ef-af75-6c5d3a0f8f2f,ppb,74,67,27.712337493896484,0.02503037452697754,3212.0,28.467727661132812,29,1
StandardGP,7a9e0afd-85a5-11ef-af75-6c5d3a0f8f2f,ppb,74,68,27.712337493896484,0.022161245346069336,3130.0,28.467727661132812,29,1
StandardGP,7a9e0afd-85a5-11ef-af75-6c5d3a0f8f2f,ppb,74,69,27.7117862701416,0.02556777000427246,3200.0,28.467727661132812,33,1
StandardGP,7a9e0afd-85a5-11ef-af75-6c5d3a0f8f2f,ppb,74,70,27.7117862701416,0.024550676345825195,3260.0,28.467727661132812,33,1
StandardGP,7a9e0afd-85a5-11ef-af75-6c5d3a0f8f2f,ppb,74,71,27.7117862701416,0.024020910263061523,3242.0,28.467727661132812,33,1
StandardGP,7a9e0afd-85a5-11ef-af75-6c5d3a0f8f2f,ppb,74,72,27.7117862701416,0.0240480899810791,3354.0,28.467727661132812,33,1
StandardGP,7a9e0afd-85a5-11ef-af75-6c5d3a0f8f2f,ppb,74,73,27.7117862701416,0.030133962631225586,3510.0,28.467727661132812,33,1
StandardGP,7a9e0afd-85a5-11ef-af75-6c5d3a0f8f2f,ppb,74,74,27.7117862701416,0.027211666107177734,3484.0,28.467727661132812,33,1
StandardGP,7a9e0afd-85a5-11ef-af75-6c5d3a0f8f2f,ppb,74,75,27.710769653320312,0.027525901794433594,3688.0,28.467727661132812,43,1
StandardGP,7a9e0afd-85a5-11ef-af75-6c5d3a0f8f2f,ppb,74,76,27.710769653320312,0.027065038681030273,3782.0,28.467727661132812,43,1
StandardGP,7a9e0afd-85a5-11ef-af75-6c5d3a0f8f2f,ppb,74,77,27.710769653320312,0.03156089782714844,3820.0,28.467727661132812,43,1
StandardGP,7a9e0afd-85a5-11ef-af75-6c5d3a0f8f2f,ppb,74,78,27.710769653320312,0.031047821044921875,3934.0,28.467727661132812,43,1
StandardGP,7a9e0afd-85a5-11ef-af75-6c5d3a0f8f2f,ppb,74,79,27.684391021728516,0.03205394744873047,4218.0,27.774765014648438,39,1
StandardGP,7a9e0afd-85a5-11ef-af75-6c5d3a0f8f2f,ppb,74,80,27.68362045288086,0.03477907180786133,4418.0,27.774765014648438,41,1
StandardGP,7a9e0afd-85a5-11ef-af75-6c5d3a0f8f2f,ppb,74,81,27.678674697875977,0.03557085990905762,4508.0,27.774765014648438,43,1
StandardGP,7a9e0afd-85a5-11ef-af75-6c5d3a0f8f2f,ppb,74,82,27.576065063476562,0.03755354881286621,4564.0,27.774765014648438,49,1
StandardGP,7a9e0afd-85a5-11ef-af75-6c5d3a0f8f2f,ppb,74,83,27.576065063476562,0.04003190994262695,4598.0,27.774765014648438,49,1
StandardGP,7a9e0afd-85a5-11ef-af75-6c5d3a0f8f2f,ppb,74,84,27.576065063476562,0.040574073791503906,4676.0,27.774765014648438,49,1
StandardGP,7a9e0afd-85a5-11ef-af75-6c5d3a0f8f2f,ppb,74,85,27.576065063476562,0.04013538360595703,4728.0,27.774765014648438,49,1
StandardGP,7a9e0afd-85a5-11ef-af75-6c5d3a0f8f2f,ppb,74,86,27.576065063476562,0.04459667205810547,4828.0,27.774765014648438,49,1
StandardGP,7a9e0afd-85a5-11ef-af75-6c5d3a0f8f2f,ppb,74,87,27.576065063476562,0.03958010673522949,4870.0,27.774765014648438,49,1
StandardGP,7a9e0afd-85a5-11ef-af75-6c5d3a0f8f2f,ppb,74,88,27.576065063476562,0.04306626319885254,4886.0,27.774765014648438,49,1
StandardGP,7a9e0afd-85a5-11ef-af75-6c5d3a0f8f2f,ppb,74,89,27.571895599365234,0.03955578804016113,4884.0,27.774765014648438,49,1
StandardGP,7a9e0afd-85a5-11ef-af75-6c5d3a0f8f2f,ppb,74,90,27.4262638092041,0.044644832611083984,5014.0,27.774765014648438,57,1
StandardGP,7a9e0afd-85a5-11ef-af75-6c5d3a0f8f2f,ppb,74,91,27.418338775634766,0.044544219970703125,5042.0,27.774765014648438,59,1
StandardGP,7a9e0afd-85a5-11ef-af75-6c5d3a0f8f2f,ppb,74,92,27.232234954833984,0.0425717830657959,5232.0,27.774765014648438,63,1
StandardGP,7a9e0afd-85a5-11ef-af75-6c5d3a0f8f2f,ppb,74,93,27.232234954833984,0.049112796783447266,5296.0,27.774765014648438,63,1
StandardGP,7a9e0afd-85a5-11ef-af75-6c5d3a0f8f2f,ppb,74,94,27.232234954833984,0.05610227584838867,5430.0,27.774765014648438,63,1
StandardGP,7a9e0afd-85a5-11ef-af75-6c5d3a0f8f2f,ppb,74,95,27.196510314941406,0.05258750915527344,5484.0,27.774765014648438,63,1
StandardGP,7a9e0afd-85a5-11ef-af75-6c5d3a0f8f2f,ppb,74,96,27.194856643676758,0.07464218139648438,5702.0,27.774765014648438,57,1
StandardGP,7a9e0afd-85a5-11ef-af75-6c5d3a0f8f2f,ppb,74,97,27.194856643676758,0.07006525993347168,5648.0,27.774765014648438,57,1
StandardGP,7a9e0afd-85a5-11ef-af75-6c5d3a0f8f2f,ppb,74,98,27.178945541381836,0.05759572982788086,5600.0,27.774765014648438,61,1
StandardGP,7a9e0afd-85a5-11ef-af75-6c5d3a0f8f2f,ppb,74,99,27.178945541381836,0.062119483947753906,5664.0,27.774765014648438,61,1
StandardGP,7a9e0afd-85a5-11ef-af75-6c5d3a0f8f2f,ppb,74,100,27.167638778686523,0.060259342193603516,5646.0,27.774765014648438,57,1
StandardGP,01617b1e-85a6-11ef-a021-6c5d3a0f8f2f,ppb,74,0,42.674285888671875,0.16049408912658691,3660.0,44.57400131225586,3,1
StandardGP,01617b1e-85a6-11ef-a021-6c5d3a0f8f2f,ppb,74,1,42.674285888671875,0.057498931884765625,1470.0,44.57400131225586,3,1
StandardGP,01617b1e-85a6-11ef-a021-6c5d3a0f8f2f,ppb,74,2,37.80787658691406,0.010533571243286133,1072.0,37.68380355834961,3,1
StandardGP,01617b1e-85a6-11ef-a021-6c5d3a0f8f2f,ppb,74,3,35.8711051940918,0.007744550704956055,660.0,40.20951843261719,3,1
StandardGP,01617b1e-85a6-11ef-a021-6c5d3a0f8f2f,ppb,74,4,35.8711051940918,0.0065157413482666016,454.0,40.20951843261719,3,1
StandardGP,01617b1e-85a6-11ef-a021-6c5d3a0f8f2f,ppb,74,5,31.86964225769043,0.006505012512207031,374.0,33.98634338378906,3,1
StandardGP,01617b1e-85a6-11ef-a021-6c5d3a0f8f2f,ppb,74,6,30.17357635498047,0.005510568618774414,376.0,33.42485427856445,5,1
StandardGP,01617b1e-85a6-11ef-a021-6c5d3a0f8f2f,ppb,74,7,30.17357635498047,0.0061991214752197266,394.0,33.42485427856445,5,1
StandardGP,01617b1e-85a6-11ef-a021-6c5d3a0f8f2f,ppb,74,8,30.17357635498047,0.005501508712768555,422.0,33.42485427856445,5,1
StandardGP,01617b1e-85a6-11ef-a021-6c5d3a0f8f2f,ppb,74,9,30.17357635498047,0.006000041961669922,498.0,33.42485427856445,5,1
StandardGP,01617b1e-85a6-11ef-a021-6c5d3a0f8f2f,ppb,74,10,30.17357635498047,0.006516695022583008,502.0,33.42485427856445,5,1
StandardGP,01617b1e-85a6-11ef-a021-6c5d3a0f8f2f,ppb,74,11,30.17357635498047,0.007485628128051758,548.0,33.42485427856445,5,1
StandardGP,01617b1e-85a6-11ef-a021-6c5d3a0f8f2f,ppb,74,12,30.17357635498047,0.0073049068450927734,528.0,33.42485427856445,5,1
StandardGP,01617b1e-85a6-11ef-a021-6c5d3a0f8f2f,ppb,74,13,30.17357635498047,0.007182121276855469,544.0,33.42485427856445,5,1
StandardGP,01617b1e-85a6-11ef-a021-6c5d3a0f8f2f,ppb,74,14,28.664653778076172,0.0065081119537353516,596.0,25.915966033935547,11,1
StandardGP,01617b1e-85a6-11ef-a021-6c5d3a0f8f2f,ppb,74,15,28.664653778076172,0.006018400192260742,622.0,25.915966033935547,11,1
StandardGP,01617b1e-85a6-11ef-a021-6c5d3a0f8f2f,ppb,74,16,28.664653778076172,0.0075054168701171875,620.0,25.915966033935547,11,1
StandardGP,01617b1e-85a6-11ef-a021-6c5d3a0f8f2f,ppb,74,17,28.664653778076172,0.008009672164916992,726.0,25.915966033935547,11,1
StandardGP,01617b1e-85a6-11ef-a021-6c5d3a0f8f2f,ppb,74,18,28.664653778076172,0.009506702423095703,756.0,25.915966033935547,11,1
StandardGP,01617b1e-85a6-11ef-a021-6c5d3a0f8f2f,ppb,74,19,28.664653778076172,0.008016109466552734,790.0,25.915966033935547,11,1
StandardGP,01617b1e-85a6-11ef-a021-6c5d3a0f8f2f,ppb,74,20,28.664653778076172,0.0075168609619140625,810.0,25.915966033935547,11,1
StandardGP,01617b1e-85a6-11ef-a021-6c5d3a0f8f2f,ppb,74,21,28.664653778076172,0.006505727767944336,822.0,25.915966033935547,11,1
StandardGP,01617b1e-85a6-11ef-a021-6c5d3a0f8f2f,ppb,74,22,28.664653778076172,0.008517742156982422,834.0,25.915966033935547,11,1
StandardGP,01617b1e-85a6-11ef-a021-6c5d3a0f8f2f,ppb,74,23,28.664653778076172,0.005999565124511719,794.0,25.915966033935547,11,1
StandardGP,01617b1e-85a6-11ef-a021-6c5d3a0f8f2f,ppb,74,24,28.664653778076172,0.006516456604003906,810.0,25.915966033935547,11,1
StandardGP,01617b1e-85a6-11ef-a021-6c5d3a0f8f2f,ppb,74,25,28.664653778076172,0.008507966995239258,882.0,25.915966033935547,11,1
StandardGP,01617b1e-85a6-11ef-a021-6c5d3a0f8f2f,ppb,74,26,28.664653778076172,0.009511470794677734,912.0,25.915966033935547,11,1
StandardGP,01617b1e-85a6-11ef-a021-6c5d3a0f8f2f,ppb,74,27,28.529870986938477,0.008516073226928711,888.0,30.047893524169922,15,1
StandardGP,01617b1e-85a6-11ef-a021-6c5d3a0f8f2f,ppb,74,28,28.529870986938477,0.008529424667358398,964.0,30.047893524169922,15,1
StandardGP,01617b1e-85a6-11ef-a021-6c5d3a0f8f2f,ppb,74,29,28.529870986938477,0.008057594299316406,1068.0,30.047893524169922,15,1
StandardGP,01617b1e-85a6-11ef-a021-6c5d3a0f8f2f,ppb,74,30,28.529870986938477,0.008506059646606445,1144.0,30.047893524169922,15,1
StandardGP,01617b1e-85a6-11ef-a021-6c5d3a0f8f2f,ppb,74,31,28.42826271057129,0.008015632629394531,1070.0,28.01442527770996,11,1
StandardGP,01617b1e-85a6-11ef-a021-6c5d3a0f8f2f,ppb,74,32,28.42826271057129,0.008516311645507812,1050.0,28.01442527770996,11,1
StandardGP,01617b1e-85a6-11ef-a021-6c5d3a0f8f2f,ppb,74,33,28.42826271057129,0.00800013542175293,1040.0,28.01442527770996,11,1
StandardGP,01617b1e-85a6-11ef-a021-6c5d3a0f8f2f,ppb,74,34,28.42826271057129,0.007505893707275391,1048.0,28.01442527770996,11,1
StandardGP,01617b1e-85a6-11ef-a021-6c5d3a0f8f2f,ppb,74,35,28.42826271057129,0.008507490158081055,1022.0,28.01442527770996,11,1
StandardGP,01617b1e-85a6-11ef-a021-6c5d3a0f8f2f,ppb,74,36,28.42826271057129,0.00851297378540039,1010.0,28.01442527770996,11,1
StandardGP,01617b1e-85a6-11ef-a021-6c5d3a0f8f2f,ppb,74,37,28.42826271057129,0.00850677490234375,968.0,28.01442527770996,11,1
StandardGP,01617b1e-85a6-11ef-a021-6c5d3a0f8f2f,ppb,74,38,28.42826271057129,0.009021997451782227,1042.0,28.01442527770996,11,1
StandardGP,01617b1e-85a6-11ef-a021-6c5d3a0f8f2f,ppb,74,39,28.42826271057129,0.009514331817626953,1138.0,28.01442527770996,11,1
StandardGP,01617b1e-85a6-11ef-a021-6c5d3a0f8f2f,ppb,74,40,28.42826271057129,0.008538484573364258,1156.0,28.01442527770996,11,1
StandardGP,01617b1e-85a6-11ef-a021-6c5d3a0f8f2f,ppb,74,41,28.42826271057129,0.008507251739501953,1076.0,28.01442527770996,11,1
StandardGP,01617b1e-85a6-11ef-a021-6c5d3a0f8f2f,ppb,74,42,28.425703048706055,0.009511947631835938,1110.0,28.06557846069336,13,1
StandardGP,01617b1e-85a6-11ef-a021-6c5d3a0f8f2f,ppb,74,43,28.425703048706055,0.008679628372192383,1096.0,28.06557846069336,13,1
StandardGP,01617b1e-85a6-11ef-a021-6c5d3a0f8f2f,ppb,74,44,28.425703048706055,0.010038614273071289,1164.0,28.06557846069336,13,1
StandardGP,01617b1e-85a6-11ef-a021-6c5d3a0f8f2f,ppb,74,45,28.247161865234375,0.010040760040283203,1236.0,27.79180908203125,21,1
StandardGP,01617b1e-85a6-11ef-a021-6c5d3a0f8f2f,ppb,74,46,28.247161865234375,0.010198116302490234,1244.0,27.79180908203125,21,1
StandardGP,01617b1e-85a6-11ef-a021-6c5d3a0f8f2f,ppb,74,47,28.247161865234375,0.008513927459716797,1178.0,27.79180908203125,21,1
StandardGP,01617b1e-85a6-11ef-a021-6c5d3a0f8f2f,ppb,74,48,28.247161865234375,0.010258913040161133,1338.0,27.79180908203125,21,1
StandardGP,01617b1e-85a6-11ef-a021-6c5d3a0f8f2f,ppb,74,49,28.004987716674805,0.011655807495117188,1388.0,27.92485237121582,21,1
StandardGP,01617b1e-85a6-11ef-a021-6c5d3a0f8f2f,ppb,74,50,28.004987716674805,0.010938167572021484,1336.0,27.92485237121582,21,1
StandardGP,01617b1e-85a6-11ef-a021-6c5d3a0f8f2f,ppb,74,51,27.779708862304688,0.01054525375366211,1420.0,27.92485237121582,25,1
StandardGP,01617b1e-85a6-11ef-a021-6c5d3a0f8f2f,ppb,74,52,27.7703914642334,0.011791229248046875,1648.0,28.011262893676758,25,1
StandardGP,01617b1e-85a6-11ef-a021-6c5d3a0f8f2f,ppb,74,53,27.7703914642334,0.011736392974853516,1716.0,28.011262893676758,25,1
StandardGP,01617b1e-85a6-11ef-a021-6c5d3a0f8f2f,ppb,74,54,27.7703914642334,0.012372493743896484,1578.0,28.011262893676758,25,1
StandardGP,01617b1e-85a6-11ef-a021-6c5d3a0f8f2f,ppb,74,55,27.7703914642334,0.012984275817871094,1684.0,28.011262893676758,25,1
StandardGP,01617b1e-85a6-11ef-a021-6c5d3a0f8f2f,ppb,74,56,27.7703914642334,0.013521671295166016,1788.0,28.011262893676758,25,1
StandardGP,01617b1e-85a6-11ef-a021-6c5d3a0f8f2f,ppb,74,57,27.7703914642334,0.014833450317382812,1838.0,28.011262893676758,25,1
StandardGP,01617b1e-85a6-11ef-a021-6c5d3a0f8f2f,ppb,74,58,27.7703914642334,0.01488494873046875,1882.0,28.011262893676758,25,1
StandardGP,01617b1e-85a6-11ef-a021-6c5d3a0f8f2f,ppb,74,59,27.7703914642334,0.01502084732055664,1856.0,28.011262893676758,25,1
StandardGP,01617b1e-85a6-11ef-a021-6c5d3a0f8f2f,ppb,74,60,27.7703914642334,0.016226768493652344,2108.0,28.011262893676758,25,1
StandardGP,01617b1e-85a6-11ef-a021-6c5d3a0f8f2f,ppb,74,61,27.7703914642334,0.01645660400390625,2102.0,28.011262893676758,25,1
StandardGP,01617b1e-85a6-11ef-a021-6c5d3a0f8f2f,ppb,74,62,27.7703914642334,0.017100811004638672,2140.0,28.011262893676758,25,1
StandardGP,01617b1e-85a6-11ef-a021-6c5d3a0f8f2f,ppb,74,63,27.7703914642334,0.019031524658203125,2358.0,28.011262893676758,25,1
StandardGP,01617b1e-85a6-11ef-a021-6c5d3a0f8f2f,ppb,74,64,27.765378952026367,0.023396730422973633,2652.0,28.011262893676758,25,1
StandardGP,01617b1e-85a6-11ef-a021-6c5d3a0f8f2f,ppb,74,65,27.765378952026367,0.02261662483215332,2836.0,28.011262893676758,25,1
StandardGP,01617b1e-85a6-11ef-a021-6c5d3a0f8f2f,ppb,74,66,27.765378952026367,0.02412724494934082,3036.0,28.011262893676758,25,1
StandardGP,01617b1e-85a6-11ef-a021-6c5d3a0f8f2f,ppb,74,67,27.712337493896484,0.025098562240600586,3212.0,28.467727661132812,29,1
StandardGP,01617b1e-85a6-11ef-a021-6c5d3a0f8f2f,ppb,74,68,27.712337493896484,0.023524761199951172,3130.0,28.467727661132812,29,1
StandardGP,01617b1e-85a6-11ef-a021-6c5d3a0f8f2f,ppb,74,69,27.7117862701416,0.02408313751220703,3200.0,28.467727661132812,33,1
StandardGP,01617b1e-85a6-11ef-a021-6c5d3a0f8f2f,ppb,74,70,27.7117862701416,0.025021076202392578,3260.0,28.467727661132812,33,1
StandardGP,01617b1e-85a6-11ef-a021-6c5d3a0f8f2f,ppb,74,71,27.7117862701416,0.02441120147705078,3242.0,28.467727661132812,33,1
StandardGP,01617b1e-85a6-11ef-a021-6c5d3a0f8f2f,ppb,74,72,27.7117862701416,0.023524761199951172,3354.0,28.467727661132812,33,1
StandardGP,01617b1e-85a6-11ef-a021-6c5d3a0f8f2f,ppb,74,73,27.7117862701416,0.02775716781616211,3510.0,28.467727661132812,33,1
StandardGP,01617b1e-85a6-11ef-a021-6c5d3a0f8f2f,ppb,74,74,27.7117862701416,0.02602410316467285,3484.0,28.467727661132812,33,1
StandardGP,01617b1e-85a6-11ef-a021-6c5d3a0f8f2f,ppb,74,75,27.710769653320312,0.027559518814086914,3688.0,28.467727661132812,43,1
StandardGP,01617b1e-85a6-11ef-a021-6c5d3a0f8f2f,ppb,74,76,27.710769653320312,0.027935028076171875,3782.0,28.467727661132812,43,1
StandardGP,01617b1e-85a6-11ef-a021-6c5d3a0f8f2f,ppb,74,77,27.710769653320312,0.03065347671508789,3820.0,28.467727661132812,43,1
StandardGP,01617b1e-85a6-11ef-a021-6c5d3a0f8f2f,ppb,74,78,27.710769653320312,0.029248476028442383,3934.0,28.467727661132812,43,1
StandardGP,01617b1e-85a6-11ef-a021-6c5d3a0f8f2f,ppb,74,79,27.684391021728516,0.032074928283691406,4218.0,27.774765014648438,39,1
StandardGP,01617b1e-85a6-11ef-a021-6c5d3a0f8f2f,ppb,74,80,27.68362045288086,0.034995079040527344,4418.0,27.774765014648438,41,1
StandardGP,01617b1e-85a6-11ef-a021-6c5d3a0f8f2f,ppb,74,81,27.678674697875977,0.035933732986450195,4508.0,27.774765014648438,43,1
StandardGP,01617b1e-85a6-11ef-a021-6c5d3a0f8f2f,ppb,74,82,27.576065063476562,0.03754615783691406,4564.0,27.774765014648438,49,1
StandardGP,01617b1e-85a6-11ef-a021-6c5d3a0f8f2f,ppb,74,83,27.576065063476562,0.039314985275268555,4598.0,27.774765014648438,49,1
StandardGP,01617b1e-85a6-11ef-a021-6c5d3a0f8f2f,ppb,74,84,27.576065063476562,0.041578054428100586,4676.0,27.774765014648438,49,1
StandardGP,01617b1e-85a6-11ef-a021-6c5d3a0f8f2f,ppb,74,85,27.576065063476562,0.03996467590332031,4728.0,27.774765014648438,49,1
StandardGP,01617b1e-85a6-11ef-a021-6c5d3a0f8f2f,ppb,74,86,27.576065063476562,0.041095733642578125,4828.0,27.774765014648438,49,1
StandardGP,01617b1e-85a6-11ef-a021-6c5d3a0f8f2f,ppb,74,87,27.576065063476562,0.03813624382019043,4870.0,27.774765014648438,49,1
StandardGP,01617b1e-85a6-11ef-a021-6c5d3a0f8f2f,ppb,74,88,27.576065063476562,0.0425417423248291,4886.0,27.774765014648438,49,1
StandardGP,01617b1e-85a6-11ef-a021-6c5d3a0f8f2f,ppb,74,89,27.571895599365234,0.03855419158935547,4884.0,27.774765014648438,49,1
StandardGP,01617b1e-85a6-11ef-a021-6c5d3a0f8f2f,ppb,74,90,27.4262638092041,0.04345965385437012,5014.0,27.774765014648438,57,1
StandardGP,01617b1e-85a6-11ef-a021-6c5d3a0f8f2f,ppb,74,91,27.418338775634766,0.042063236236572266,5042.0,27.774765014648438,59,1
StandardGP,01617b1e-85a6-11ef-a021-6c5d3a0f8f2f,ppb,74,92,27.232234954833984,0.0435338020324707,5232.0,27.774765014648438,63,1
StandardGP,01617b1e-85a6-11ef-a021-6c5d3a0f8f2f,ppb,74,93,27.232234954833984,0.04755687713623047,5296.0,27.774765014648438,63,1
StandardGP,01617b1e-85a6-11ef-a021-6c5d3a0f8f2f,ppb,74,94,27.232234954833984,0.055902719497680664,5430.0,27.774765014648438,63,1
StandardGP,01617b1e-85a6-11ef-a021-6c5d3a0f8f2f,ppb,74,95,27.196510314941406,0.052832841873168945,5484.0,27.774765014648438,63,1
StandardGP,01617b1e-85a6-11ef-a021-6c5d3a0f8f2f,ppb,74,96,27.194856643676758,0.07458782196044922,5702.0,27.774765014648438,57,1
StandardGP,01617b1e-85a6-11ef-a021-6c5d3a0f8f2f,ppb,74,97,27.194856643676758,0.07021188735961914,5648.0,27.774765014648438,57,1
StandardGP,01617b1e-85a6-11ef-a021-6c5d3a0f8f2f,ppb,74,98,27.178945541381836,0.05606436729431152,5600.0,27.774765014648438,61,1
StandardGP,01617b1e-85a6-11ef-a021-6c5d3a0f8f2f,ppb,74,99,27.178945541381836,0.06307291984558105,5664.0,27.774765014648438,61,1
StandardGP,01617b1e-85a6-11ef-a021-6c5d3a0f8f2f,ppb,74,100,27.167638778686523,0.060427188873291016,5646.0,27.774765014648438,57,1
StandardGP,2c3ecd84-85a6-11ef-a133-6c5d3a0f8f2f,ppb,74,0,42.674285888671875,0.15623879432678223,3660.0,44.57400131225586,3,1
StandardGP,2c3ecd84-85a6-11ef-a133-6c5d3a0f8f2f,ppb,74,1,42.674285888671875,0.05842018127441406,1470.0,44.57400131225586,3,1
StandardGP,2c3ecd84-85a6-11ef-a133-6c5d3a0f8f2f,ppb,74,2,37.80787658691406,0.009513139724731445,1072.0,37.68380355834961,3,1
StandardGP,2c3ecd84-85a6-11ef-a133-6c5d3a0f8f2f,ppb,74,3,35.8711051940918,0.008509397506713867,660.0,40.20951843261719,3,1
StandardGP,2c3ecd84-85a6-11ef-a133-6c5d3a0f8f2f,ppb,74,4,35.8711051940918,0.006510019302368164,454.0,40.20951843261719,3,1
StandardGP,2c3ecd84-85a6-11ef-a133-6c5d3a0f8f2f,ppb,74,5,31.86964225769043,0.005506753921508789,374.0,33.98634338378906,3,1
StandardGP,2c3ecd84-85a6-11ef-a133-6c5d3a0f8f2f,ppb,74,6,30.17357635498047,0.006009101867675781,376.0,33.42485427856445,5,1
StandardGP,2c3ecd84-85a6-11ef-a133-6c5d3a0f8f2f,ppb,74,7,30.17357635498047,0.005506277084350586,394.0,33.42485427856445,5,1
StandardGP,2c3ecd84-85a6-11ef-a133-6c5d3a0f8f2f,ppb,74,8,30.17357635498047,0.00599980354309082,422.0,33.42485427856445,5,1
StandardGP,2c3ecd84-85a6-11ef-a133-6c5d3a0f8f2f,ppb,74,9,30.17357635498047,0.006955146789550781,498.0,33.42485427856445,5,1
StandardGP,2c3ecd84-85a6-11ef-a133-6c5d3a0f8f2f,ppb,74,10,30.17357635498047,0.0071582794189453125,502.0,33.42485427856445,5,1
StandardGP,2c3ecd84-85a6-11ef-a133-6c5d3a0f8f2f,ppb,74,11,30.17357635498047,0.007506132125854492,548.0,33.42485427856445,5,1
StandardGP,2c3ecd84-85a6-11ef-a133-6c5d3a0f8f2f,ppb,74,12,30.17357635498047,0.006001710891723633,528.0,33.42485427856445,5,1
StandardGP,2c3ecd84-85a6-11ef-a133-6c5d3a0f8f2f,ppb,74,13,30.17357635498047,0.007515430450439453,544.0,33.42485427856445,5,1
StandardGP,2c3ecd84-85a6-11ef-a133-6c5d3a0f8f2f,ppb,74,14,28.664653778076172,0.0070171356201171875,596.0,25.915966033935547,11,1
StandardGP,2c3ecd84-85a6-11ef-a133-6c5d3a0f8f2f,ppb,74,15,28.664653778076172,0.007505893707275391,622.0,25.915966033935547,11,1
StandardGP,2c3ecd84-85a6-11ef-a133-6c5d3a0f8f2f,ppb,74,16,28.664653778076172,0.006000041961669922,620.0,25.915966033935547,11,1
StandardGP,2c3ecd84-85a6-11ef-a133-6c5d3a0f8f2f,ppb,74,17,28.664653778076172,0.008517026901245117,726.0,25.915966033935547,11,1
StandardGP,2c3ecd84-85a6-11ef-a133-6c5d3a0f8f2f,ppb,74,18,28.664653778076172,0.009017467498779297,756.0,25.915966033935547,11,1
StandardGP,2c3ecd84-85a6-11ef-a133-6c5d3a0f8f2f,ppb,74,19,28.664653778076172,0.007506132125854492,790.0,25.915966033935547,11,1
StandardGP,2c3ecd84-85a6-11ef-a133-6c5d3a0f8f2f,ppb,74,20,28.664653778076172,0.007512807846069336,810.0,25.915966033935547,11,1
StandardGP,2c3ecd84-85a6-11ef-a133-6c5d3a0f8f2f,ppb,74,21,28.664653778076172,0.007506132125854492,822.0,25.915966033935547,11,1
StandardGP,2c3ecd84-85a6-11ef-a133-6c5d3a0f8f2f,ppb,74,22,28.664653778076172,0.008541584014892578,834.0,25.915966033935547,11,1
StandardGP,2c3ecd84-85a6-11ef-a133-6c5d3a0f8f2f,ppb,74,23,28.664653778076172,0.005999088287353516,794.0,25.915966033935547,11,1
StandardGP,2c3ecd84-85a6-11ef-a133-6c5d3a0f8f2f,ppb,74,24,28.664653778076172,0.006506204605102539,810.0,25.915966033935547,11,1
StandardGP,2c3ecd84-85a6-11ef-a133-6c5d3a0f8f2f,ppb,74,25,28.664653778076172,0.008518218994140625,882.0,25.915966033935547,11,1
StandardGP,2c3ecd84-85a6-11ef-a133-6c5d3a0f8f2f,ppb,74,26,28.664653778076172,0.010526180267333984,912.0,25.915966033935547,11,1
StandardGP,2c3ecd84-85a6-11ef-a133-6c5d3a0f8f2f,ppb,74,27,28.529870986938477,0.007513284683227539,888.0,30.047893524169922,15,1
StandardGP,2c3ecd84-85a6-11ef-a133-6c5d3a0f8f2f,ppb,74,28,28.529870986938477,0.008507490158081055,964.0,30.047893524169922,15,1
StandardGP,2c3ecd84-85a6-11ef-a133-6c5d3a0f8f2f,ppb,74,29,28.529870986938477,0.008508443832397461,1068.0,30.047893524169922,15,1
StandardGP,2c3ecd84-85a6-11ef-a133-6c5d3a0f8f2f,ppb,74,30,28.529870986938477,0.010021448135375977,1144.0,30.047893524169922,15,1
StandardGP,2c3ecd84-85a6-11ef-a133-6c5d3a0f8f2f,ppb,74,31,28.42826271057129,0.008506059646606445,1070.0,28.01442527770996,11,1
StandardGP,2c3ecd84-85a6-11ef-a133-6c5d3a0f8f2f,ppb,74,32,28.42826271057129,0.008513689041137695,1050.0,28.01442527770996,11,1
StandardGP,2c3ecd84-85a6-11ef-a133-6c5d3a0f8f2f,ppb,74,33,28.42826271057129,0.009024620056152344,1040.0,28.01442527770996,11,1
StandardGP,2c3ecd84-85a6-11ef-a133-6c5d3a0f8f2f,ppb,74,34,28.42826271057129,0.007999897003173828,1048.0,28.01442527770996,11,1
StandardGP,2c3ecd84-85a6-11ef-a133-6c5d3a0f8f2f,ppb,74,35,28.42826271057129,0.008001565933227539,1022.0,28.01442527770996,11,1
StandardGP,2c3ecd84-85a6-11ef-a133-6c5d3a0f8f2f,ppb,74,36,28.42826271057129,0.008514404296875,1010.0,28.01442527770996,11,1
StandardGP,2c3ecd84-85a6-11ef-a133-6c5d3a0f8f2f,ppb,74,37,28.42826271057129,0.008514404296875,968.0,28.01442527770996,11,1
StandardGP,2c3ecd84-85a6-11ef-a133-6c5d3a0f8f2f,ppb,74,38,28.42826271057129,0.00851297378540039,1042.0,28.01442527770996,11,1
StandardGP,2c3ecd84-85a6-11ef-a133-6c5d3a0f8f2f,ppb,74,39,28.42826271057129,0.009512186050415039,1138.0,28.01442527770996,11,1
StandardGP,2c3ecd84-85a6-11ef-a133-6c5d3a0f8f2f,ppb,74,40,28.42826271057129,0.008507966995239258,1156.0,28.01442527770996,11,1
StandardGP,2c3ecd84-85a6-11ef-a133-6c5d3a0f8f2f,ppb,74,41,28.42826271057129,0.009035110473632812,1076.0,28.01442527770996,11,1
StandardGP,2c3ecd84-85a6-11ef-a133-6c5d3a0f8f2f,ppb,74,42,28.425703048706055,0.008512258529663086,1110.0,28.06557846069336,13,1
StandardGP,2c3ecd84-85a6-11ef-a133-6c5d3a0f8f2f,ppb,74,43,28.425703048706055,0.008504152297973633,1096.0,28.06557846069336,13,1
StandardGP,2c3ecd84-85a6-11ef-a133-6c5d3a0f8f2f,ppb,74,44,28.425703048706055,0.009522676467895508,1164.0,28.06557846069336,13,1
StandardGP,2c3ecd84-85a6-11ef-a133-6c5d3a0f8f2f,ppb,74,45,28.247161865234375,0.0095062255859375,1236.0,27.79180908203125,21,1
StandardGP,2c3ecd84-85a6-11ef-a133-6c5d3a0f8f2f,ppb,74,46,28.247161865234375,0.01051783561706543,1244.0,27.79180908203125,21,1
StandardGP,2c3ecd84-85a6-11ef-a133-6c5d3a0f8f2f,ppb,74,47,28.247161865234375,0.009014606475830078,1178.0,27.79180908203125,21,1
StandardGP,2c3ecd84-85a6-11ef-a133-6c5d3a0f8f2f,ppb,74,48,28.247161865234375,0.01050567626953125,1338.0,27.79180908203125,21,1
StandardGP,2c3ecd84-85a6-11ef-a133-6c5d3a0f8f2f,ppb,74,49,28.004987716674805,0.011516571044921875,1388.0,27.92485237121582,21,1
StandardGP,2c3ecd84-85a6-11ef-a133-6c5d3a0f8f2f,ppb,74,50,28.004987716674805,0.012018918991088867,1336.0,27.92485237121582,21,1
StandardGP,2c3ecd84-85a6-11ef-a133-6c5d3a0f8f2f,ppb,74,51,27.779708862304688,0.009505987167358398,1420.0,27.92485237121582,25,1
StandardGP,2c3ecd84-85a6-11ef-a133-6c5d3a0f8f2f,ppb,74,52,27.7703914642334,0.011507749557495117,1648.0,28.011262893676758,25,1
StandardGP,2c3ecd84-85a6-11ef-a133-6c5d3a0f8f2f,ppb,74,53,27.7703914642334,0.013614416122436523,1716.0,28.011262893676758,25,1
StandardGP,2c3ecd84-85a6-11ef-a133-6c5d3a0f8f2f,ppb,74,54,27.7703914642334,0.010506153106689453,1578.0,28.011262893676758,25,1
StandardGP,2c3ecd84-85a6-11ef-a133-6c5d3a0f8f2f,ppb,74,55,27.7703914642334,0.012022018432617188,1684.0,28.011262893676758,25,1
StandardGP,2c3ecd84-85a6-11ef-a133-6c5d3a0f8f2f,ppb,74,56,27.7703914642334,0.012519598007202148,1788.0,28.011262893676758,25,1
StandardGP,2c3ecd84-85a6-11ef-a133-6c5d3a0f8f2f,ppb,74,57,27.7703914642334,0.01350712776184082,1838.0,28.011262893676758,25,1
StandardGP,2c3ecd84-85a6-11ef-a133-6c5d3a0f8f2f,ppb,74,58,27.7703914642334,0.016039371490478516,1882.0,28.011262893676758,25,1
StandardGP,2c3ecd84-85a6-11ef-a133-6c5d3a0f8f2f,ppb,74,59,27.7703914642334,0.01451253890991211,1856.0,28.011262893676758,25,1
StandardGP,2c3ecd84-85a6-11ef-a133-6c5d3a0f8f2f,ppb,74,60,27.7703914642334,0.015527009963989258,2108.0,28.011262893676758,25,1
StandardGP,2c3ecd84-85a6-11ef-a133-6c5d3a0f8f2f,ppb,74,61,27.7703914642334,0.01602458953857422,2102.0,28.011262893676758,25,1
StandardGP,2c3ecd84-85a6-11ef-a133-6c5d3a0f8f2f,ppb,74,62,27.7703914642334,0.017031431198120117,2140.0,28.011262893676758,25,1
StandardGP,2c3ecd84-85a6-11ef-a133-6c5d3a0f8f2f,ppb,74,63,27.7703914642334,0.019524574279785156,2358.0,28.011262893676758,25,1
StandardGP,2c3ecd84-85a6-11ef-a133-6c5d3a0f8f2f,ppb,74,64,27.765378952026367,0.021578550338745117,2652.0,28.011262893676758,25,1
StandardGP,2c3ecd84-85a6-11ef-a133-6c5d3a0f8f2f,ppb,74,65,27.765378952026367,0.02355170249938965,2836.0,28.011262893676758,25,1
StandardGP,2c3ecd84-85a6-11ef-a133-6c5d3a0f8f2f,ppb,74,66,27.765378952026367,0.02503800392150879,3036.0,28.011262893676758,25,1
StandardGP,2c3ecd84-85a6-11ef-a133-6c5d3a0f8f2f,ppb,74,67,27.712337493896484,0.02603459358215332,3212.0,28.467727661132812,29,1
StandardGP,2c3ecd84-85a6-11ef-a133-6c5d3a0f8f2f,ppb,74,68,27.712337493896484,0.02343606948852539,3130.0,28.467727661132812,29,1
StandardGP,2c3ecd84-85a6-11ef-a133-6c5d3a0f8f2f,ppb,74,69,27.7117862701416,0.024562597274780273,3200.0,28.467727661132812,33,1
StandardGP,2c3ecd84-85a6-11ef-a133-6c5d3a0f8f2f,ppb,74,70,27.7117862701416,0.024534940719604492,3260.0,28.467727661132812,33,1
StandardGP,2c3ecd84-85a6-11ef-a133-6c5d3a0f8f2f,ppb,74,71,27.7117862701416,0.0230257511138916,3242.0,28.467727661132812,33,1
StandardGP,2c3ecd84-85a6-11ef-a133-6c5d3a0f8f2f,ppb,74,72,27.7117862701416,0.023421049118041992,3354.0,28.467727661132812,33,1
StandardGP,2c3ecd84-85a6-11ef-a133-6c5d3a0f8f2f,ppb,74,73,27.7117862701416,0.02910614013671875,3510.0,28.467727661132812,33,1
StandardGP,2c3ecd84-85a6-11ef-a133-6c5d3a0f8f2f,ppb,74,74,27.7117862701416,0.026538610458374023,3484.0,28.467727661132812,33,1
StandardGP,2c3ecd84-85a6-11ef-a133-6c5d3a0f8f2f,ppb,74,75,27.710769653320312,0.02903294563293457,3688.0,28.467727661132812,43,1
StandardGP,2c3ecd84-85a6-11ef-a133-6c5d3a0f8f2f,ppb,74,76,27.710769653320312,0.029531002044677734,3782.0,28.467727661132812,43,1
StandardGP,2c3ecd84-85a6-11ef-a133-6c5d3a0f8f2f,ppb,74,77,27.710769653320312,0.03053116798400879,3820.0,28.467727661132812,43,1
StandardGP,2c3ecd84-85a6-11ef-a133-6c5d3a0f8f2f,ppb,74,78,27.710769653320312,0.03605961799621582,3934.0,28.467727661132812,43,1
StandardGP,2c3ecd84-85a6-11ef-a133-6c5d3a0f8f2f,ppb,74,79,27.684391021728516,0.035363197326660156,4218.0,27.774765014648438,39,1
StandardGP,2c3ecd84-85a6-11ef-a133-6c5d3a0f8f2f,ppb,74,80,27.68362045288086,0.03406167030334473,4418.0,27.774765014648438,41,1
StandardGP,2c3ecd84-85a6-11ef-a133-6c5d3a0f8f2f,ppb,74,81,27.678674697875977,0.0354609489440918,4508.0,27.774765014648438,43,1
StandardGP,2c3ecd84-85a6-11ef-a133-6c5d3a0f8f2f,ppb,74,82,27.576065063476562,0.04058337211608887,4564.0,27.774765014648438,49,1
StandardGP,2c3ecd84-85a6-11ef-a133-6c5d3a0f8f2f,ppb,74,83,27.576065063476562,0.03954744338989258,4598.0,27.774765014648438,49,1
StandardGP,2c3ecd84-85a6-11ef-a133-6c5d3a0f8f2f,ppb,74,84,27.576065063476562,0.04105353355407715,4676.0,27.774765014648438,49,1
StandardGP,2c3ecd84-85a6-11ef-a133-6c5d3a0f8f2f,ppb,74,85,27.576065063476562,0.03906750679016113,4728.0,27.774765014648438,49,1
StandardGP,2c3ecd84-85a6-11ef-a133-6c5d3a0f8f2f,ppb,74,86,27.576065063476562,0.04155564308166504,4828.0,27.774765014648438,49,1
StandardGP,2c3ecd84-85a6-11ef-a133-6c5d3a0f8f2f,ppb,74,87,27.576065063476562,0.03908729553222656,4870.0,27.774765014648438,49,1
StandardGP,2c3ecd84-85a6-11ef-a133-6c5d3a0f8f2f,ppb,74,88,27.576065063476562,0.04157567024230957,4886.0,27.774765014648438,49,1
StandardGP,2c3ecd84-85a6-11ef-a133-6c5d3a0f8f2f,ppb,74,89,27.571895599365234,0.03954648971557617,4884.0,27.774765014648438,49,1
StandardGP,2c3ecd84-85a6-11ef-a133-6c5d3a0f8f2f,ppb,74,90,27.4262638092041,0.04254269599914551,5014.0,27.774765014648438,57,1
StandardGP,2c3ecd84-85a6-11ef-a133-6c5d3a0f8f2f,ppb,74,91,27.418338775634766,0.04407954216003418,5042.0,27.774765014648438,59,1
StandardGP,2c3ecd84-85a6-11ef-a133-6c5d3a0f8f2f,ppb,74,92,27.232234954833984,0.04306793212890625,5232.0,27.774765014648438,63,1
StandardGP,2c3ecd84-85a6-11ef-a133-6c5d3a0f8f2f,ppb,74,93,27.232234954833984,0.048479557037353516,5296.0,27.774765014648438,63,1
StandardGP,2c3ecd84-85a6-11ef-a133-6c5d3a0f8f2f,ppb,74,94,27.232234954833984,0.056097984313964844,5430.0,27.774765014648438,63,1
StandardGP,2c3ecd84-85a6-11ef-a133-6c5d3a0f8f2f,ppb,74,95,27.196510314941406,0.053093910217285156,5484.0,27.774765014648438,63,1
StandardGP,2c3ecd84-85a6-11ef-a133-6c5d3a0f8f2f,ppb,74,96,27.194856643676758,0.07416772842407227,5702.0,27.774765014648438,57,1
StandardGP,2c3ecd84-85a6-11ef-a133-6c5d3a0f8f2f,ppb,74,97,27.194856643676758,0.06963109970092773,5648.0,27.774765014648438,57,1
StandardGP,2c3ecd84-85a6-11ef-a133-6c5d3a0f8f2f,ppb,74,98,27.178945541381836,0.0574948787689209,5600.0,27.774765014648438,61,1
StandardGP,2c3ecd84-85a6-11ef-a133-6c5d3a0f8f2f,ppb,74,99,27.178945541381836,0.06358051300048828,5664.0,27.774765014648438,61,1
StandardGP,2c3ecd84-85a6-11ef-a133-6c5d3a0f8f2f,ppb,74,100,27.167638778686523,0.058603525161743164,5646.0,27.774765014648438,57,1
StandardGP,6b5a0ad1-85a6-11ef-9d49-6c5d3a0f8f2f,ppb,74,0,42.674285888671875,0.1642000675201416,3660.0,44.57400131225586,3,1
StandardGP,6b5a0ad1-85a6-11ef-9d49-6c5d3a0f8f2f,ppb,74,1,42.674285888671875,0.061914682388305664,1470.0,44.57400131225586,3,1
StandardGP,6b5a0ad1-85a6-11ef-9d49-6c5d3a0f8f2f,ppb,74,2,37.80787658691406,0.010594844818115234,1072.0,37.68380355834961,3,1
StandardGP,6b5a0ad1-85a6-11ef-9d49-6c5d3a0f8f2f,ppb,74,3,35.8711051940918,0.009410858154296875,660.0,40.20951843261719,3,1
StandardGP,6b5a0ad1-85a6-11ef-9d49-6c5d3a0f8f2f,ppb,74,4,35.8711051940918,0.012099266052246094,454.0,40.20951843261719,3,1
StandardGP,6b5a0ad1-85a6-11ef-9d49-6c5d3a0f8f2f,ppb,74,5,31.86964225769043,0.01282358169555664,374.0,33.98634338378906,3,1
StandardGP,6b5a0ad1-85a6-11ef-9d49-6c5d3a0f8f2f,ppb,74,6,30.17357635498047,0.007513761520385742,376.0,33.42485427856445,5,1
StandardGP,6b5a0ad1-85a6-11ef-9d49-6c5d3a0f8f2f,ppb,74,7,30.17357635498047,0.00800013542175293,394.0,33.42485427856445,5,1
StandardGP,6b5a0ad1-85a6-11ef-9d49-6c5d3a0f8f2f,ppb,74,8,30.17357635498047,0.006000041961669922,422.0,33.42485427856445,5,1
StandardGP,6b5a0ad1-85a6-11ef-9d49-6c5d3a0f8f2f,ppb,74,9,30.17357635498047,0.007096052169799805,498.0,33.42485427856445,5,1
StandardGP,6b5a0ad1-85a6-11ef-9d49-6c5d3a0f8f2f,ppb,74,10,30.17357635498047,0.006739616394042969,502.0,33.42485427856445,5,1
StandardGP,6b5a0ad1-85a6-11ef-9d49-6c5d3a0f8f2f,ppb,74,11,30.17357635498047,0.006999492645263672,548.0,33.42485427856445,5,1
StandardGP,6b5a0ad1-85a6-11ef-9d49-6c5d3a0f8f2f,ppb,74,12,30.17357635498047,0.005507946014404297,528.0,33.42485427856445,5,1
StandardGP,6b5a0ad1-85a6-11ef-9d49-6c5d3a0f8f2f,ppb,74,13,30.17357635498047,0.006865978240966797,544.0,33.42485427856445,5,1
StandardGP,6b5a0ad1-85a6-11ef-9d49-6c5d3a0f8f2f,ppb,74,14,28.664653778076172,0.006517648696899414,596.0,25.915966033935547,11,1
StandardGP,6b5a0ad1-85a6-11ef-9d49-6c5d3a0f8f2f,ppb,74,15,28.664653778076172,0.006999969482421875,622.0,25.915966033935547,11,1
StandardGP,6b5a0ad1-85a6-11ef-9d49-6c5d3a0f8f2f,ppb,74,16,28.664653778076172,0.007074594497680664,620.0,25.915966033935547,11,1
StandardGP,6b5a0ad1-85a6-11ef-9d49-6c5d3a0f8f2f,ppb,74,17,28.664653778076172,0.006152629852294922,726.0,25.915966033935547,11,1
StandardGP,6b5a0ad1-85a6-11ef-9d49-6c5d3a0f8f2f,ppb,74,18,28.664653778076172,0.009902477264404297,756.0,25.915966033935547,11,1
StandardGP,6b5a0ad1-85a6-11ef-9d49-6c5d3a0f8f2f,ppb,74,19,28.664653778076172,0.007097482681274414,790.0,25.915966033935547,11,1
StandardGP,6b5a0ad1-85a6-11ef-9d49-6c5d3a0f8f2f,ppb,74,20,28.664653778076172,0.007505178451538086,810.0,25.915966033935547,11,1
StandardGP,6b5a0ad1-85a6-11ef-9d49-6c5d3a0f8f2f,ppb,74,21,28.664653778076172,0.008015155792236328,822.0,25.915966033935547,11,1
StandardGP,6b5a0ad1-85a6-11ef-9d49-6c5d3a0f8f2f,ppb,74,22,28.664653778076172,0.009989500045776367,834.0,25.915966033935547,11,1
StandardGP,6b5a0ad1-85a6-11ef-9d49-6c5d3a0f8f2f,ppb,74,23,28.664653778076172,0.006000041961669922,794.0,25.915966033935547,11,1
StandardGP,6b5a0ad1-85a6-11ef-9d49-6c5d3a0f8f2f,ppb,74,24,28.664653778076172,0.00702667236328125,810.0,25.915966033935547,11,1
StandardGP,6b5a0ad1-85a6-11ef-9d49-6c5d3a0f8f2f,ppb,74,25,28.664653778076172,0.009538412094116211,882.0,25.915966033935547,11,1
StandardGP,6b5a0ad1-85a6-11ef-9d49-6c5d3a0f8f2f,ppb,74,26,28.664653778076172,0.010519027709960938,912.0,25.915966033935547,11,1
StandardGP,6b5a0ad1-85a6-11ef-9d49-6c5d3a0f8f2f,ppb,74,27,28.529870986938477,0.00791788101196289,888.0,30.047893524169922,15,1
StandardGP,6b5a0ad1-85a6-11ef-9d49-6c5d3a0f8f2f,ppb,74,28,28.529870986938477,0.00800013542175293,964.0,30.047893524169922,15,1
StandardGP,6b5a0ad1-85a6-11ef-9d49-6c5d3a0f8f2f,ppb,74,29,28.529870986938477,0.009525060653686523,1068.0,30.047893524169922,15,1
StandardGP,6b5a0ad1-85a6-11ef-9d49-6c5d3a0f8f2f,ppb,74,30,28.529870986938477,0.010291814804077148,1144.0,30.047893524169922,15,1
StandardGP,6b5a0ad1-85a6-11ef-9d49-6c5d3a0f8f2f,ppb,74,31,28.42826271057129,0.008031129837036133,1070.0,28.01442527770996,11,1
StandardGP,6b5a0ad1-85a6-11ef-9d49-6c5d3a0f8f2f,ppb,74,32,28.42826271057129,0.009042978286743164,1050.0,28.01442527770996,11,1
StandardGP,6b5a0ad1-85a6-11ef-9d49-6c5d3a0f8f2f,ppb,74,33,28.42826271057129,0.008314132690429688,1040.0,28.01442527770996,11,1
StandardGP,6b5a0ad1-85a6-11ef-9d49-6c5d3a0f8f2f,ppb,74,34,28.42826271057129,0.008516073226928711,1048.0,28.01442527770996,11,1
StandardGP,6b5a0ad1-85a6-11ef-9d49-6c5d3a0f8f2f,ppb,74,35,28.42826271057129,0.0076029300689697266,1022.0,28.01442527770996,11,1
StandardGP,6b5a0ad1-85a6-11ef-9d49-6c5d3a0f8f2f,ppb,74,36,28.42826271057129,0.008994579315185547,1010.0,28.01442527770996,11,1
StandardGP,6b5a0ad1-85a6-11ef-9d49-6c5d3a0f8f2f,ppb,74,37,28.42826271057129,0.007883071899414062,968.0,28.01442527770996,11,1
StandardGP,6b5a0ad1-85a6-11ef-9d49-6c5d3a0f8f2f,ppb,74,38,28.42826271057129,0.007504940032958984,1042.0,28.01442527770996,11,1
StandardGP,6b5a0ad1-85a6-11ef-9d49-6c5d3a0f8f2f,ppb,74,39,28.42826271057129,0.00984811782836914,1138.0,28.01442527770996,11,1
StandardGP,6b5a0ad1-85a6-11ef-9d49-6c5d3a0f8f2f,ppb,74,40,28.42826271057129,0.009513616561889648,1156.0,28.01442527770996,11,1
StandardGP,6b5a0ad1-85a6-11ef-9d49-6c5d3a0f8f2f,ppb,74,41,28.42826271057129,0.009508132934570312,1076.0,28.01442527770996,11,1
StandardGP,6b5a0ad1-85a6-11ef-9d49-6c5d3a0f8f2f,ppb,74,42,28.425703048706055,0.009020090103149414,1110.0,28.06557846069336,13,1
StandardGP,6b5a0ad1-85a6-11ef-9d49-6c5d3a0f8f2f,ppb,74,43,28.425703048706055,0.009516716003417969,1096.0,28.06557846069336,13,1
StandardGP,6b5a0ad1-85a6-11ef-9d49-6c5d3a0f8f2f,ppb,74,44,28.425703048706055,0.010013103485107422,1164.0,28.06557846069336,13,1
StandardGP,6b5a0ad1-85a6-11ef-9d49-6c5d3a0f8f2f,ppb,74,45,28.247161865234375,0.009961128234863281,1236.0,27.79180908203125,21,1
StandardGP,6b5a0ad1-85a6-11ef-9d49-6c5d3a0f8f2f,ppb,74,46,28.247161865234375,0.010490179061889648,1244.0,27.79180908203125,21,1
StandardGP,6b5a0ad1-85a6-11ef-9d49-6c5d3a0f8f2f,ppb,74,47,28.247161865234375,0.008513689041137695,1178.0,27.79180908203125,21,1
StandardGP,6b5a0ad1-85a6-11ef-9d49-6c5d3a0f8f2f,ppb,74,48,28.247161865234375,0.009347915649414062,1338.0,27.79180908203125,21,1
StandardGP,6b5a0ad1-85a6-11ef-9d49-6c5d3a0f8f2f,ppb,74,49,28.004987716674805,0.011928558349609375,1388.0,27.92485237121582,21,1
StandardGP,6b5a0ad1-85a6-11ef-9d49-6c5d3a0f8f2f,ppb,74,50,28.004987716674805,0.011578798294067383,1336.0,27.92485237121582,21,1
StandardGP,6b5a0ad1-85a6-11ef-9d49-6c5d3a0f8f2f,ppb,74,51,27.779708862304688,0.009000301361083984,1420.0,27.92485237121582,25,1
StandardGP,6b5a0ad1-85a6-11ef-9d49-6c5d3a0f8f2f,ppb,74,52,27.7703914642334,0.012363195419311523,1648.0,28.011262893676758,25,1
StandardGP,6b5a0ad1-85a6-11ef-9d49-6c5d3a0f8f2f,ppb,74,53,27.7703914642334,0.01349782943725586,1716.0,28.011262893676758,25,1
StandardGP,6b5a0ad1-85a6-11ef-9d49-6c5d3a0f8f2f,ppb,74,54,27.7703914642334,0.018049955368041992,1578.0,28.011262893676758,25,1
StandardGP,6b5a0ad1-85a6-11ef-9d49-6c5d3a0f8f2f,ppb,74,55,27.7703914642334,0.012506246566772461,1684.0,28.011262893676758,25,1
StandardGP,6b5a0ad1-85a6-11ef-9d49-6c5d3a0f8f2f,ppb,74,56,27.7703914642334,0.013550519943237305,1788.0,28.011262893676758,25,1
StandardGP,6b5a0ad1-85a6-11ef-9d49-6c5d3a0f8f2f,ppb,74,57,27.7703914642334,0.013505220413208008,1838.0,28.011262893676758,25,1
StandardGP,6b5a0ad1-85a6-11ef-9d49-6c5d3a0f8f2f,ppb,74,58,27.7703914642334,0.01570272445678711,1882.0,28.011262893676758,25,1
StandardGP,6b5a0ad1-85a6-11ef-9d49-6c5d3a0f8f2f,ppb,74,59,27.7703914642334,0.01403355598449707,1856.0,28.011262893676758,25,1
StandardGP,6b5a0ad1-85a6-11ef-9d49-6c5d3a0f8f2f,ppb,74,60,27.7703914642334,0.01481771469116211,2108.0,28.011262893676758,25,1
StandardGP,6b5a0ad1-85a6-11ef-9d49-6c5d3a0f8f2f,ppb,74,61,27.7703914642334,0.01652216911315918,2102.0,28.011262893676758,25,1
StandardGP,6b5a0ad1-85a6-11ef-9d49-6c5d3a0f8f2f,ppb,74,62,27.7703914642334,0.017022371292114258,2140.0,28.011262893676758,25,1
StandardGP,6b5a0ad1-85a6-11ef-9d49-6c5d3a0f8f2f,ppb,74,63,27.7703914642334,0.020064830780029297,2358.0,28.011262893676758,25,1
StandardGP,6b5a0ad1-85a6-11ef-9d49-6c5d3a0f8f2f,ppb,74,64,27.765378952026367,0.027535200119018555,2652.0,28.011262893676758,25,1
StandardGP,6b5a0ad1-85a6-11ef-9d49-6c5d3a0f8f2f,ppb,74,65,27.765378952026367,0.025576114654541016,2836.0,28.011262893676758,25,1
StandardGP,6b5a0ad1-85a6-11ef-9d49-6c5d3a0f8f2f,ppb,74,66,27.765378952026367,0.0321505069732666,3036.0,28.011262893676758,25,1
StandardGP,6b5a0ad1-85a6-11ef-9d49-6c5d3a0f8f2f,ppb,74,67,27.712337493896484,0.026241064071655273,3212.0,28.467727661132812,29,1
StandardGP,6b5a0ad1-85a6-11ef-9d49-6c5d3a0f8f2f,ppb,74,68,27.712337493896484,0.022606611251831055,3130.0,28.467727661132812,29,1
StandardGP,6b5a0ad1-85a6-11ef-9d49-6c5d3a0f8f2f,ppb,74,69,27.7117862701416,0.024825572967529297,3200.0,28.467727661132812,33,1
StandardGP,6b5a0ad1-85a6-11ef-9d49-6c5d3a0f8f2f,ppb,74,70,27.7117862701416,0.025225162506103516,3260.0,28.467727661132812,33,1
StandardGP,6b5a0ad1-85a6-11ef-9d49-6c5d3a0f8f2f,ppb,74,71,27.7117862701416,0.024454593658447266,3242.0,28.467727661132812,33,1
StandardGP,6b5a0ad1-85a6-11ef-9d49-6c5d3a0f8f2f,ppb,74,72,27.7117862701416,0.02394556999206543,3354.0,28.467727661132812,33,1
StandardGP,6b5a0ad1-85a6-11ef-9d49-6c5d3a0f8f2f,ppb,74,73,27.7117862701416,0.02904343605041504,3510.0,28.467727661132812,33,1
StandardGP,6b5a0ad1-85a6-11ef-9d49-6c5d3a0f8f2f,ppb,74,74,27.7117862701416,0.02782440185546875,3484.0,28.467727661132812,33,1
StandardGP,6b5a0ad1-85a6-11ef-9d49-6c5d3a0f8f2f,ppb,74,75,27.710769653320312,0.028538227081298828,3688.0,28.467727661132812,43,1
StandardGP,6b5a0ad1-85a6-11ef-9d49-6c5d3a0f8f2f,ppb,74,76,27.710769653320312,0.030037879943847656,3782.0,28.467727661132812,43,1
StandardGP,6b5a0ad1-85a6-11ef-9d49-6c5d3a0f8f2f,ppb,74,77,27.710769653320312,0.03205227851867676,3820.0,28.467727661132812,43,1
StandardGP,6b5a0ad1-85a6-11ef-9d49-6c5d3a0f8f2f,ppb,74,78,27.710769653320312,0.030840396881103516,3934.0,28.467727661132812,43,1
StandardGP,6b5a0ad1-85a6-11ef-9d49-6c5d3a0f8f2f,ppb,74,79,27.684391021728516,0.03302145004272461,4218.0,27.774765014648438,39,1
StandardGP,6b5a0ad1-85a6-11ef-9d49-6c5d3a0f8f2f,ppb,74,80,27.68362045288086,0.034662485122680664,4418.0,27.774765014648438,41,1
StandardGP,6b5a0ad1-85a6-11ef-9d49-6c5d3a0f8f2f,ppb,74,81,27.678674697875977,0.03561854362487793,4508.0,27.774765014648438,43,1
StandardGP,6b5a0ad1-85a6-11ef-9d49-6c5d3a0f8f2f,ppb,74,82,27.576065063476562,0.03887176513671875,4564.0,27.774765014648438,49,1
StandardGP,6b5a0ad1-85a6-11ef-9d49-6c5d3a0f8f2f,ppb,74,83,27.576065063476562,0.03948163986206055,4598.0,27.774765014648438,49,1
StandardGP,6b5a0ad1-85a6-11ef-9d49-6c5d3a0f8f2f,ppb,74,84,27.576065063476562,0.040265798568725586,4676.0,27.774765014648438,49,1
StandardGP,6b5a0ad1-85a6-11ef-9d49-6c5d3a0f8f2f,ppb,74,85,27.576065063476562,0.039441823959350586,4728.0,27.774765014648438,49,1
StandardGP,6b5a0ad1-85a6-11ef-9d49-6c5d3a0f8f2f,ppb,74,86,27.576065063476562,0.04157543182373047,4828.0,27.774765014648438,49,1
StandardGP,6b5a0ad1-85a6-11ef-9d49-6c5d3a0f8f2f,ppb,74,87,27.576065063476562,0.03854489326477051,4870.0,27.774765014648438,49,1
StandardGP,6b5a0ad1-85a6-11ef-9d49-6c5d3a0f8f2f,ppb,74,88,27.576065063476562,0.04279828071594238,4886.0,27.774765014648438,49,1
StandardGP,6b5a0ad1-85a6-11ef-9d49-6c5d3a0f8f2f,ppb,74,89,27.571895599365234,0.03905177116394043,4884.0,27.774765014648438,49,1
StandardGP,6b5a0ad1-85a6-11ef-9d49-6c5d3a0f8f2f,ppb,74,90,27.4262638092041,0.04442238807678223,5014.0,27.774765014648438,57,1
StandardGP,6b5a0ad1-85a6-11ef-9d49-6c5d3a0f8f2f,ppb,74,91,27.418338775634766,0.045166730880737305,5042.0,27.774765014648438,59,1
StandardGP,6b5a0ad1-85a6-11ef-9d49-6c5d3a0f8f2f,ppb,74,92,27.232234954833984,0.046391963958740234,5232.0,27.774765014648438,63,1
StandardGP,6b5a0ad1-85a6-11ef-9d49-6c5d3a0f8f2f,ppb,74,93,27.232234954833984,0.0479283332824707,5296.0,27.774765014648438,63,1
StandardGP,6b5a0ad1-85a6-11ef-9d49-6c5d3a0f8f2f,ppb,74,94,27.232234954833984,0.05702948570251465,5430.0,27.774765014648438,63,1
StandardGP,6b5a0ad1-85a6-11ef-9d49-6c5d3a0f8f2f,ppb,74,95,27.196510314941406,0.05500006675720215,5484.0,27.774765014648438,63,1
StandardGP,6b5a0ad1-85a6-11ef-9d49-6c5d3a0f8f2f,ppb,74,96,27.194856643676758,0.07797622680664062,5702.0,27.774765014648438,57,1
StandardGP,6b5a0ad1-85a6-11ef-9d49-6c5d3a0f8f2f,ppb,74,97,27.194856643676758,0.07328438758850098,5648.0,27.774765014648438,57,1
StandardGP,6b5a0ad1-85a6-11ef-9d49-6c5d3a0f8f2f,ppb,74,98,27.178945541381836,0.06001615524291992,5600.0,27.774765014648438,61,1
StandardGP,6b5a0ad1-85a6-11ef-9d49-6c5d3a0f8f2f,ppb,74,99,27.178945541381836,0.068115234375,5664.0,27.774765014648438,61,1
StandardGP,6b5a0ad1-85a6-11ef-9d49-6c5d3a0f8f2f,ppb,74,100,27.167638778686523,0.06261348724365234,5646.0,27.774765014648438,57,1
StandardGP,855cbd9c-85a6-11ef-9782-6c5d3a0f8f2f,ppb,74,0,42.674285888671875,0.1555943489074707,3660.0,44.57400131225586,3,1
StandardGP,855cbd9c-85a6-11ef-9782-6c5d3a0f8f2f,ppb,74,1,42.674285888671875,0.05658912658691406,1470.0,44.57400131225586,3,1
StandardGP,855cbd9c-85a6-11ef-9782-6c5d3a0f8f2f,ppb,74,2,37.80787658691406,0.009850025177001953,1072.0,37.68380355834961,3,1
StandardGP,da744ea7-85a6-11ef-a780-6c5d3a0f8f2f,ppb,74,0,42.674285888671875,0.15749788284301758,3660.0,44.57400131225586,3,1
StandardGP,da744ea7-85a6-11ef-a780-6c5d3a0f8f2f,ppb,74,1,42.674285888671875,0.05568552017211914,1470.0,44.57400131225586,3,1
StandardGP,da744ea7-85a6-11ef-a780-6c5d3a0f8f2f,ppb,74,2,37.80787658691406,0.009510278701782227,1072.0,37.68380355834961,3,1
StandardGP,45412e01-85a8-11ef-b184-6c5d3a0f8f2f,ppb,74,0,42.674285888671875,0.15898418426513672,3660.0,44.57400131225586,3,1
StandardGP,45412e01-85a8-11ef-b184-6c5d3a0f8f2f,ppb,74,1,42.674285888671875,0.05658316612243652,1470.0,44.57400131225586,3,1
StandardGP,45412e01-85a8-11ef-b184-6c5d3a0f8f2f,ppb,74,2,37.80787658691406,0.010398626327514648,1072.0,37.68380355834961,3,1
StandardGP,a1dfea88-85a8-11ef-a0de-6c5d3a0f8f2f,ppb,74,0,42.674285888671875,0.16172313690185547,3660.0,44.57400131225586,3,1
StandardGP,a1dfea88-85a8-11ef-a0de-6c5d3a0f8f2f,ppb,74,1,42.674285888671875,0.05547976493835449,1470.0,44.57400131225586,3,1
StandardGP,a1dfea88-85a8-11ef-a0de-6c5d3a0f8f2f,ppb,74,2,37.80787658691406,0.009661674499511719,1072.0,37.68380355834961,3,1
StandardGP,337ec34c-85a9-11ef-a906-6c5d3a0f8f2f,ppb,74,0,42.674285888671875,0.15664458274841309,3660.0,44.57400131225586,3,1
StandardGP,337ec34c-85a9-11ef-a906-6c5d3a0f8f2f,ppb,74,1,42.674285888671875,0.058986663818359375,1470.0,44.57400131225586,3,1
StandardGP,337ec34c-85a9-11ef-a906-6c5d3a0f8f2f,ppb,74,2,37.80787658691406,0.009508609771728516,1072.0,37.68380355834961,3,1
StandardGP,db5c5847-85aa-11ef-bf08-6c5d3a0f8f2f,ppb,74,0,42.674285888671875,0.15800142288208008,3660.0,44.57400131225586,3,1
StandardGP,db5c5847-85aa-11ef-bf08-6c5d3a0f8f2f,ppb,74,1,42.674285888671875,0.058501482009887695,1470.0,44.57400131225586,3,1
StandardGP,db5c5847-85aa-11ef-bf08-6c5d3a0f8f2f,ppb,74,2,37.80787658691406,0.01007533073425293,1072.0,37.68380355834961,3,1
StandardGP,59d2cd84-8667-11ef-91c6-6c5d3a0f8f2f,ppb,74,0,42.674285888671875,0.18183398246765137,3660.0,44.57400131225586,3,1
StandardGP,59d2cd84-8667-11ef-91c6-6c5d3a0f8f2f,ppb,74,1,42.674285888671875,0.05501723289489746,1470.0,44.57400131225586,3,1
StandardGP,59d2cd84-8667-11ef-91c6-6c5d3a0f8f2f,ppb,74,2,37.80787658691406,0.011018753051757812,1072.0,37.68380355834961,3,1
StandardGP,85db8a0f-866a-11ef-9f5d-6c5d3a0f8f2f,ppb,74,0,42.674285888671875,0.15668344497680664,3660.0,44.57400131225586,3,1
StandardGP,85db8a0f-866a-11ef-9f5d-6c5d3a0f8f2f,ppb,74,1,42.674285888671875,0.050821781158447266,1470.0,44.57400131225586,3,1
StandardGP,85db8a0f-866a-11ef-9f5d-6c5d3a0f8f2f,ppb,74,2,37.80787658691406,0.010009288787841797,1072.0,37.68380355834961,3,1
StandardGP,d179326a-866a-11ef-ac6a-6c5d3a0f8f2f,ppb,74,0,42.674285888671875,0.19908881187438965,3660.0,44.57400131225586,3,1
StandardGP,d179326a-866a-11ef-ac6a-6c5d3a0f8f2f,ppb,74,1,42.674285888671875,0.011977672576904297,1470.0,44.57400131225586,3,1
StandardGP,d179326a-866a-11ef-ac6a-6c5d3a0f8f2f,ppb,74,2,37.80787658691406,0.009160757064819336,1072.0,37.68380355834961,3,1
StandardGP,eae4cdad-866a-11ef-90df-6c5d3a0f8f2f,ppb,74,0,42.674285888671875,0.20052075386047363,3660.0,44.57400131225586,3,1
StandardGP,eae4cdad-866a-11ef-90df-6c5d3a0f8f2f,ppb,74,1,42.674285888671875,0.013018608093261719,1470.0,44.57400131225586,3,1
StandardGP,eae4cdad-866a-11ef-90df-6c5d3a0f8f2f,ppb,74,2,37.80787658691406,0.0095062255859375,1072.0,37.68380355834961,3,1
StandardGP,1f54f9bf-8674-11ef-b5b3-6c5d3a0f8f2f,ppb,74,0,42.674285888671875,0.15740203857421875,3660.0,44.57400131225586,3,1
StandardGP,1f54f9bf-8674-11ef-b5b3-6c5d3a0f8f2f,ppb,74,1,42.674285888671875,0.05505824089050293,1470.0,44.57400131225586,3,1
StandardGP,1f54f9bf-8674-11ef-b5b3-6c5d3a0f8f2f,ppb,74,2,37.80787658691406,0.010024547576904297,1072.0,37.68380355834961,3,1
StandardGP,82788412-8674-11ef-93a4-6c5d3a0f8f2f,ppb,74,0,42.674285888671875,0.15678143501281738,3660.0,44.57400131225586,3,1
StandardGP,82788412-8674-11ef-93a4-6c5d3a0f8f2f,ppb,74,1,42.674285888671875,0.05406785011291504,1470.0,44.57400131225586,3,1
StandardGP,82788412-8674-11ef-93a4-6c5d3a0f8f2f,ppb,74,2,37.80787658691406,0.010512828826904297,1072.0,37.68380355834961,3,1
StandardGP,9399179b-8674-11ef-9216-6c5d3a0f8f2f,ppb,74,0,42.674285888671875,0.16008472442626953,3660.0,44.57400131225586,3,1
StandardGP,9399179b-8674-11ef-9216-6c5d3a0f8f2f,ppb,74,1,42.674285888671875,0.0544743537902832,1470.0,44.57400131225586,3,1
StandardGP,9399179b-8674-11ef-9216-6c5d3a0f8f2f,ppb,74,2,37.80787658691406,0.010012388229370117,1072.0,37.68380355834961,3,1
StandardGP,596d741c-88be-11ef-a4b5-6c5d3a0f8f2f,ppb,74,0,40.88839340209961,0.08532857894897461,1340.0,43.040855407714844,15,1
StandardGP,596d741c-88be-11ef-a4b5-6c5d3a0f8f2f,ppb,74,1,40.71933364868164,0.026547908782958984,944.0,42.63808822631836,15,1
StandardGP,596d741c-88be-11ef-a4b5-6c5d3a0f8f2f,ppb,74,2,39.167301177978516,0.020310401916503906,920.0,41.406654357910156,3,1
StandardGP,596d741c-88be-11ef-a4b5-6c5d3a0f8f2f,ppb,74,3,30.20241355895996,0.05840587615966797,742.0,32.765968322753906,3,1
StandardGP,596d741c-88be-11ef-a4b5-6c5d3a0f8f2f,ppb,74,4,30.20241355895996,0.01076960563659668,702.0,32.765968322753906,3,1
StandardGP,596d741c-88be-11ef-a4b5-6c5d3a0f8f2f,ppb,74,5,30.20241355895996,0.008508920669555664,652.0,32.765968322753906,3,1
StandardGP,596d741c-88be-11ef-a4b5-6c5d3a0f8f2f,ppb,74,6,30.20241355895996,0.015514850616455078,772.0,32.765968322753906,3,1
StandardGP,596d741c-88be-11ef-a4b5-6c5d3a0f8f2f,ppb,74,7,30.20241355895996,0.008510351181030273,724.0,32.765968322753906,3,1
StandardGP,596d741c-88be-11ef-a4b5-6c5d3a0f8f2f,ppb,74,8,30.20241355895996,0.010517120361328125,652.0,32.765968322753906,3,1
StandardGP,596d741c-88be-11ef-a4b5-6c5d3a0f8f2f,ppb,74,9,30.20241355895996,0.009510993957519531,700.0,32.765968322753906,3,1
StandardGP,596d741c-88be-11ef-a4b5-6c5d3a0f8f2f,ppb,74,10,30.20241355895996,0.008529424667358398,694.0,32.765968322753906,3,1
StandardGP,596d741c-88be-11ef-a4b5-6c5d3a0f8f2f,ppb,74,11,30.20241355895996,0.010518074035644531,704.0,32.765968322753906,3,1
StandardGP,596d741c-88be-11ef-a4b5-6c5d3a0f8f2f,ppb,74,12,30.20241355895996,0.011017322540283203,788.0,32.765968322753906,3,1
StandardGP,596d741c-88be-11ef-a4b5-6c5d3a0f8f2f,ppb,74,13,30.20241355895996,0.010514259338378906,870.0,32.765968322753906,3,1
StandardGP,596d741c-88be-11ef-a4b5-6c5d3a0f8f2f,ppb,74,14,30.20241355895996,0.012522220611572266,898.0,32.765968322753906,3,1
StandardGP,596d741c-88be-11ef-a4b5-6c5d3a0f8f2f,ppb,74,15,30.20241355895996,0.008512496948242188,848.0,32.765968322753906,3,1
StandardGP,596d741c-88be-11ef-a4b5-6c5d3a0f8f2f,ppb,74,16,30.20241355895996,0.00950765609741211,850.0,32.765968322753906,3,1
StandardGP,596d741c-88be-11ef-a4b5-6c5d3a0f8f2f,ppb,74,17,30.20241355895996,0.014551162719726562,880.0,32.765968322753906,3,1
StandardGP,596d741c-88be-11ef-a4b5-6c5d3a0f8f2f,ppb,74,18,30.20241355895996,0.009508848190307617,814.0,32.765968322753906,3,1
StandardGP,596d741c-88be-11ef-a4b5-6c5d3a0f8f2f,ppb,74,19,30.20241355895996,0.00903010368347168,878.0,32.765968322753906,3,1
StandardGP,596d741c-88be-11ef-a4b5-6c5d3a0f8f2f,ppb,74,20,30.20241355895996,0.009512186050415039,906.0,32.765968322753906,3,1
StandardGP,596d741c-88be-11ef-a4b5-6c5d3a0f8f2f,ppb,74,21,30.20241355895996,0.007513284683227539,852.0,32.765968322753906,3,1
StandardGP,596d741c-88be-11ef-a4b5-6c5d3a0f8f2f,ppb,74,22,30.20241355895996,0.00850677490234375,948.0,32.765968322753906,3,1
StandardGP,596d741c-88be-11ef-a4b5-6c5d3a0f8f2f,ppb,74,23,30.20241355895996,0.007695913314819336,892.0,32.765968322753906,3,1
StandardGP,596d741c-88be-11ef-a4b5-6c5d3a0f8f2f,ppb,74,24,30.20241355895996,0.007919788360595703,802.0,32.765968322753906,3,1
StandardGP,596d741c-88be-11ef-a4b5-6c5d3a0f8f2f,ppb,74,25,30.20241355895996,0.0070002079010009766,788.0,32.765968322753906,3,1
StandardGP,596d741c-88be-11ef-a4b5-6c5d3a0f8f2f,ppb,74,26,30.20241355895996,0.008569717407226562,850.0,32.765968322753906,3,1
StandardGP,596d741c-88be-11ef-a4b5-6c5d3a0f8f2f,ppb,74,27,29.640594482421875,0.01517939567565918,936.0,32.39591979980469,17,1
StandardGP,596d741c-88be-11ef-a4b5-6c5d3a0f8f2f,ppb,74,28,29.333627700805664,0.010356664657592773,938.0,31.791563034057617,27,1
StandardGP,596d741c-88be-11ef-a4b5-6c5d3a0f8f2f,ppb,74,29,29.333627700805664,0.010554075241088867,1022.0,31.791563034057617,27,1
StandardGP,596d741c-88be-11ef-a4b5-6c5d3a0f8f2f,ppb,74,30,29.333627700805664,0.01208043098449707,994.0,31.791563034057617,27,1
StandardGP,596d741c-88be-11ef-a4b5-6c5d3a0f8f2f,ppb,74,31,29.333627700805664,0.00903773307800293,1048.0,31.791563034057617,27,1
StandardGP,596d741c-88be-11ef-a4b5-6c5d3a0f8f2f,ppb,74,32,29.333627700805664,0.009506940841674805,1048.0,31.791563034057617,27,1
StandardGP,596d741c-88be-11ef-a4b5-6c5d3a0f8f2f,ppb,74,33,29.333627700805664,0.00699925422668457,1004.0,31.791563034057617,27,1
StandardGP,596d741c-88be-11ef-a4b5-6c5d3a0f8f2f,ppb,74,34,29.333627700805664,0.01089024543762207,1132.0,31.791563034057617,27,1
StandardGP,596d741c-88be-11ef-a4b5-6c5d3a0f8f2f,ppb,74,35,29.333627700805664,0.009505987167358398,1240.0,31.791563034057617,27,1
StandardGP,596d741c-88be-11ef-a4b5-6c5d3a0f8f2f,ppb,74,36,29.333627700805664,0.010512590408325195,1460.0,31.791563034057617,27,1
StandardGP,596d741c-88be-11ef-a4b5-6c5d3a0f8f2f,ppb,74,37,29.333627700805664,0.010506391525268555,1404.0,31.791563034057617,27,1
StandardGP,596d741c-88be-11ef-a4b5-6c5d3a0f8f2f,ppb,74,38,29.333627700805664,0.009550809860229492,1522.0,31.791563034057617,27,1
StandardGP,596d741c-88be-11ef-a4b5-6c5d3a0f8f2f,ppb,74,39,29.333627700805664,0.012017965316772461,1698.0,31.791563034057617,27,1
StandardGP,596d741c-88be-11ef-a4b5-6c5d3a0f8f2f,ppb,74,40,29.2146053314209,0.011505365371704102,1764.0,32.293792724609375,33,1
StandardGP,596d741c-88be-11ef-a4b5-6c5d3a0f8f2f,ppb,74,41,29.2146053314209,0.013036489486694336,1844.0,32.293792724609375,33,1
StandardGP,596d741c-88be-11ef-a4b5-6c5d3a0f8f2f,ppb,74,42,29.2146053314209,0.012514591217041016,1968.0,32.293792724609375,33,1
StandardGP,596d741c-88be-11ef-a4b5-6c5d3a0f8f2f,ppb,74,43,29.2146053314209,0.015021324157714844,2076.0,32.293792724609375,33,1
StandardGP,596d741c-88be-11ef-a4b5-6c5d3a0f8f2f,ppb,74,44,29.19792366027832,0.014506816864013672,2222.0,33.688636779785156,25,1
StandardGP,596d741c-88be-11ef-a4b5-6c5d3a0f8f2f,ppb,74,45,29.19792366027832,0.01351308822631836,2178.0,33.688636779785156,25,1
StandardGP,596d741c-88be-11ef-a4b5-6c5d3a0f8f2f,ppb,74,46,29.126188278198242,0.014021873474121094,2248.0,32.69024658203125,21,1
StandardGP,596d741c-88be-11ef-a4b5-6c5d3a0f8f2f,ppb,74,47,29.126188278198242,0.013512611389160156,2228.0,32.69024658203125,21,1
StandardGP,596d741c-88be-11ef-a4b5-6c5d3a0f8f2f,ppb,74,48,29.126188278198242,0.01452016830444336,2214.0,32.69024658203125,21,1
StandardGP,596d741c-88be-11ef-a4b5-6c5d3a0f8f2f,ppb,74,49,29.126188278198242,0.014513254165649414,2178.0,32.69024658203125,21,1
StandardGP,596d741c-88be-11ef-a4b5-6c5d3a0f8f2f,ppb,74,50,29.126188278198242,0.016031265258789062,2402.0,32.69024658203125,21,1
StandardGP,596d741c-88be-11ef-a4b5-6c5d3a0f8f2f,ppb,74,51,29.126188278198242,0.01702117919921875,2552.0,32.69024658203125,21,1
StandardGP,596d741c-88be-11ef-a4b5-6c5d3a0f8f2f,ppb,74,52,29.08541488647461,0.016014814376831055,2346.0,32.54911422729492,29,1
StandardGP,596d741c-88be-11ef-a4b5-6c5d3a0f8f2f,ppb,74,53,29.08541488647461,0.014515876770019531,2386.0,32.54911422729492,29,1
StandardGP,596d741c-88be-11ef-a4b5-6c5d3a0f8f2f,ppb,74,54,29.083112716674805,0.014738082885742188,2428.0,31.897539138793945,31,1
StandardGP,596d741c-88be-11ef-a4b5-6c5d3a0f8f2f,ppb,74,55,29.083112716674805,0.015515804290771484,2558.0,31.897539138793945,31,1
StandardGP,596d741c-88be-11ef-a4b5-6c5d3a0f8f2f,ppb,74,56,29.083112716674805,0.01705789566040039,2624.0,31.897539138793945,31,1
StandardGP,596d741c-88be-11ef-a4b5-6c5d3a0f8f2f,ppb,74,57,29.083112716674805,0.017020463943481445,2516.0,31.897539138793945,31,1
StandardGP,596d741c-88be-11ef-a4b5-6c5d3a0f8f2f,ppb,74,58,29.083112716674805,0.018553495407104492,2846.0,31.897539138793945,31,1
StandardGP,596d741c-88be-11ef-a4b5-6c5d3a0f8f2f,ppb,74,59,29.083112716674805,0.01898932456970215,2744.0,31.897539138793945,31,1
StandardGP,596d741c-88be-11ef-a4b5-6c5d3a0f8f2f,ppb,74,60,29.083112716674805,0.019051790237426758,2926.0,31.897539138793945,31,1
StandardGP,596d741c-88be-11ef-a4b5-6c5d3a0f8f2f,ppb,74,61,28.72241973876953,0.02003002166748047,2936.0,31.33012580871582,51,1
StandardGP,596d741c-88be-11ef-a4b5-6c5d3a0f8f2f,ppb,74,62,28.72241973876953,0.022029638290405273,3258.0,31.33012580871582,51,1
StandardGP,596d741c-88be-11ef-a4b5-6c5d3a0f8f2f,ppb,74,63,28.72241973876953,0.023027896881103516,3384.0,31.33012580871582,51,1
StandardGP,596d741c-88be-11ef-a4b5-6c5d3a0f8f2f,ppb,74,64,28.72241973876953,0.02502751350402832,3524.0,31.33012580871582,51,1
StandardGP,596d741c-88be-11ef-a4b5-6c5d3a0f8f2f,ppb,74,65,28.72241973876953,0.0295255184173584,4352.0,31.33012580871582,51,1
StandardGP,596d741c-88be-11ef-a4b5-6c5d3a0f8f2f,ppb,74,66,28.72241973876953,0.033631324768066406,4636.0,31.33012580871582,51,1
StandardGP,596d741c-88be-11ef-a4b5-6c5d3a0f8f2f,ppb,74,67,28.72241973876953,0.0365450382232666,5052.0,31.33012580871582,51,1
StandardGP,596d741c-88be-11ef-a4b5-6c5d3a0f8f2f,ppb,74,68,28.72241973876953,0.04421520233154297,5592.0,31.33012580871582,51,1
StandardGP,596d741c-88be-11ef-a4b5-6c5d3a0f8f2f,ppb,74,69,28.72241973876953,0.05208230018615723,6540.0,31.33012580871582,51,1
StandardGP,596d741c-88be-11ef-a4b5-6c5d3a0f8f2f,ppb,74,70,28.72241973876953,0.057084083557128906,6874.0,31.33012580871582,51,1
StandardGP,596d741c-88be-11ef-a4b5-6c5d3a0f8f2f,ppb,74,71,28.72241973876953,0.059583187103271484,7222.0,31.33012580871582,51,1
StandardGP,596d741c-88be-11ef-a4b5-6c5d3a0f8f2f,ppb,74,72,28.72241973876953,0.061575889587402344,7490.0,31.33012580871582,51,1
StandardGP,596d741c-88be-11ef-a4b5-6c5d3a0f8f2f,ppb,74,73,28.72241973876953,0.07229065895080566,7198.0,31.33012580871582,51,1
StandardGP,596d741c-88be-11ef-a4b5-6c5d3a0f8f2f,ppb,74,74,28.72241973876953,0.06623578071594238,7306.0,31.33012580871582,51,1
StandardGP,596d741c-88be-11ef-a4b5-6c5d3a0f8f2f,ppb,74,75,28.72241973876953,0.06761360168457031,7108.0,31.33012580871582,51,1
StandardGP,596d741c-88be-11ef-a4b5-6c5d3a0f8f2f,ppb,74,76,28.72241973876953,0.07772040367126465,8058.0,31.33012580871582,51,1
StandardGP,596d741c-88be-11ef-a4b5-6c5d3a0f8f2f,ppb,74,77,28.72241973876953,0.09112215042114258,9112.0,31.33012580871582,51,1
StandardGP,596d741c-88be-11ef-a4b5-6c5d3a0f8f2f,ppb,74,78,28.72241973876953,0.10208606719970703,9464.0,31.33012580871582,51,1
StandardGP,596d741c-88be-11ef-a4b5-6c5d3a0f8f2f,ppb,74,79,28.72241973876953,0.12279462814331055,10142.0,31.33012580871582,51,1
StandardGP,596d741c-88be-11ef-a4b5-6c5d3a0f8f2f,ppb,74,80,28.72241973876953,0.1779468059539795,12384.0,31.33012580871582,51,1
StandardGP,596d741c-88be-11ef-a4b5-6c5d3a0f8f2f,ppb,74,81,28.72241973876953,0.22345328330993652,13574.0,31.33012580871582,51,1
StandardGP,596d741c-88be-11ef-a4b5-6c5d3a0f8f2f,ppb,74,82,28.72241973876953,0.22501277923583984,13010.0,31.33012580871582,51,1
StandardGP,596d741c-88be-11ef-a4b5-6c5d3a0f8f2f,ppb,74,83,28.72241973876953,0.26529645919799805,14366.0,31.33012580871582,51,1
StandardGP,596d741c-88be-11ef-a4b5-6c5d3a0f8f2f,ppb,74,84,28.72241973876953,0.32965993881225586,16204.0,31.33012580871582,51,1
StandardGP,596d741c-88be-11ef-a4b5-6c5d3a0f8f2f,ppb,74,85,28.72241973876953,0.3412594795227051,16146.0,31.33012580871582,51,1
StandardGP,596d741c-88be-11ef-a4b5-6c5d3a0f8f2f,ppb,74,86,28.72241973876953,0.483536958694458,17506.0,31.33012580871582,51,1
StandardGP,596d741c-88be-11ef-a4b5-6c5d3a0f8f2f,ppb,74,87,28.72241973876953,0.5199308395385742,19986.0,31.33012580871582,51,1
StandardGP,596d741c-88be-11ef-a4b5-6c5d3a0f8f2f,ppb,74,88,28.72241973876953,0.7324607372283936,19786.0,31.33012580871582,51,1
StandardGP,596d741c-88be-11ef-a4b5-6c5d3a0f8f2f,ppb,74,89,28.72241973876953,0.5436344146728516,20184.0,31.33012580871582,51,1
StandardGP,596d741c-88be-11ef-a4b5-6c5d3a0f8f2f,ppb,74,90,28.72241973876953,1.055370569229126,21646.0,31.33012580871582,51,1
StandardGP,596d741c-88be-11ef-a4b5-6c5d3a0f8f2f,ppb,74,91,28.72241973876953,1.1945018768310547,27324.0,31.33012580871582,51,1
StandardGP,596d741c-88be-11ef-a4b5-6c5d3a0f8f2f,ppb,74,92,28.53853988647461,1.4272232055664062,29846.0,31.69539451599121,233,1
StandardGP,596d741c-88be-11ef-a4b5-6c5d3a0f8f2f,ppb,74,93,28.53853988647461,1.8382937908172607,28700.0,31.69539451599121,233,1
StandardGP,596d741c-88be-11ef-a4b5-6c5d3a0f8f2f,ppb,74,94,28.53853988647461,1.8200733661651611,27236.0,31.69539451599121,233,1
StandardGP,596d741c-88be-11ef-a4b5-6c5d3a0f8f2f,ppb,74,95,28.53853988647461,1.582341194152832,27178.0,31.69539451599121,233,1
StandardGP,596d741c-88be-11ef-a4b5-6c5d3a0f8f2f,ppb,74,96,28.53853988647461,1.3371608257293701,28334.0,31.69539451599121,233,1
StandardGP,596d741c-88be-11ef-a4b5-6c5d3a0f8f2f,ppb,74,97,28.53853988647461,1.54227876663208,27698.0,31.69539451599121,233,1
StandardGP,596d741c-88be-11ef-a4b5-6c5d3a0f8f2f,ppb,74,98,28.53853988647461,1.3757107257843018,28944.0,31.69539451599121,233,1
StandardGP,596d741c-88be-11ef-a4b5-6c5d3a0f8f2f,ppb,74,99,28.53842544555664,1.207442283630371,28564.0,31.69539451599121,235,1
StandardGP,596d741c-88be-11ef-a4b5-6c5d3a0f8f2f,ppb,74,100,28.53842544555664,2.3086612224578857,30796.0,31.69539451599121,235,1
