StandardGSGP,5d7faaf3-85a4-11ef-8861-6c5d3a0f8f2f,ppb,74,0,57.22980880737305,0.15555620193481445,3660.0,60.118648529052734,3,1
StandardGSGP,5d7faaf3-85a4-11ef-8861-6c5d3a0f8f2f,ppb,74,1,57.012939453125,0.041170358657836914,2076.0,59.90546417236328,9,1
StandardGSGP,5d7faaf3-85a4-11ef-8861-6c5d3a0f8f2f,ppb,74,2,57.012939453125,0.03969001770019531,1798.0,59.90546417236328,9,1
StandardGSGP,5d7faaf3-85a4-11ef-8861-6c5d3a0f8f2f,ppb,74,3,56.75133514404297,0.0419001579284668,2074.0,59.644630432128906,21,1
StandardGSGP,5d7faaf3-85a4-11ef-8861-6c5d3a0f8f2f,ppb,74,4,56.48725509643555,0.03959035873413086,2608.0,59.390560150146484,21,1
StandardGSGP,5d7faaf3-85a4-11ef-8861-6c5d3a0f8f2f,ppb,74,5,56.288753509521484,0.03953123092651367,3122.0,59.17452621459961,27,1
StandardGSGP,5d7faaf3-85a4-11ef-8861-6c5d3a0f8f2f,ppb,74,6,56.058536529541016,0.04057884216308594,3600.0,58.912967681884766,33,1
StandardGSGP,5d7faaf3-85a4-11ef-8861-6c5d3a0f8f2f,ppb,74,7,55.885772705078125,0.04130244255065918,4012.0,58.81144714355469,33,1
StandardGSGP,5d7faaf3-85a4-11ef-8861-6c5d3a0f8f2f,ppb,74,8,55.770748138427734,0.04208064079284668,4432.0,58.66761779785156,33,1
StandardGSGP,5d7faaf3-85a4-11ef-8861-6c5d3a0f8f2f,ppb,74,9,55.57097244262695,0.0395510196685791,4766.0,58.50251388549805,39,1
StandardGSGP,5d7faaf3-85a4-11ef-8861-6c5d3a0f8f2f,ppb,74,10,55.018524169921875,0.039511919021606445,5300.0,57.95931625366211,45,1
StandardGSGP,5dded13e-85a4-11ef-9ed5-6c5d3a0f8f2f,ppb,74,0,57.22980880737305,1.5496728420257568,3660.0,60.118648529052734,3,1
StandardGSGP,5dded13e-85a4-11ef-9ed5-6c5d3a0f8f2f,ppb,74,1,57.012939453125,0.062113046646118164,2082.0,59.90546417236328,9,1
StandardGSGP,5dded13e-85a4-11ef-9ed5-6c5d3a0f8f2f,ppb,74,2,57.012939453125,0.06105327606201172,2026.0,59.90546417236328,9,1
StandardGSGP,5dded13e-85a4-11ef-9ed5-6c5d3a0f8f2f,ppb,74,3,56.786285400390625,0.06227445602416992,2312.0,59.68736267089844,15,1
StandardGSGP,5dded13e-85a4-11ef-9ed5-6c5d3a0f8f2f,ppb,74,4,56.68245315551758,0.0615839958190918,2782.0,59.5860481262207,21,1
StandardGSGP,5dded13e-85a4-11ef-9ed5-6c5d3a0f8f2f,ppb,74,5,56.06733322143555,0.06146526336669922,3156.0,58.988372802734375,27,1
StandardGSGP,5dded13e-85a4-11ef-9ed5-6c5d3a0f8f2f,ppb,74,6,55.86701583862305,0.06164121627807617,3624.0,58.76530075073242,33,1
StandardGSGP,5dded13e-85a4-11ef-9ed5-6c5d3a0f8f2f,ppb,74,7,55.502357482910156,0.060126543045043945,4048.0,58.42348098754883,39,1
StandardGSGP,5dded13e-85a4-11ef-9ed5-6c5d3a0f8f2f,ppb,74,8,55.239234924316406,0.06328177452087402,4502.0,58.152992248535156,45,1
StandardGSGP,5dded13e-85a4-11ef-9ed5-6c5d3a0f8f2f,ppb,74,9,54.80342102050781,0.06141829490661621,5014.0,57.7288932800293,51,1
StandardGSGP,5dded13e-85a4-11ef-9ed5-6c5d3a0f8f2f,ppb,74,10,54.708988189697266,0.06102585792541504,5528.0,57.5573844909668,59,1
StandardGSGP,5dded13e-85a4-11ef-9ed5-6c5d3a0f8f2f,ppb,74,11,54.45937728881836,0.06019234657287598,6074.0,57.40095520019531,57,1
StandardGSGP,5dded13e-85a4-11ef-9ed5-6c5d3a0f8f2f,ppb,74,12,54.04957580566406,0.05981612205505371,6680.0,57.00214767456055,63,1
StandardGSGP,5dded13e-85a4-11ef-9ed5-6c5d3a0f8f2f,ppb,74,13,53.95264434814453,0.06114315986633301,7222.0,56.907344818115234,69,1
StandardGSGP,5dded13e-85a4-11ef-9ed5-6c5d3a0f8f2f,ppb,74,14,53.757911682128906,0.06079268455505371,7816.0,56.608394622802734,77,1
StandardGSGP,5dded13e-85a4-11ef-9ed5-6c5d3a0f8f2f,ppb,74,15,53.464454650878906,0.06084728240966797,8418.0,56.4351806640625,81,1
StandardGSGP,5dded13e-85a4-11ef-9ed5-6c5d3a0f8f2f,ppb,74,16,53.203575134277344,0.09213948249816895,9014.0,56.09865188598633,89,1
StandardGSGP,5dded13e-85a4-11ef-9ed5-6c5d3a0f8f2f,ppb,74,17,52.99372482299805,0.06087756156921387,9604.0,55.973045349121094,87,1
StandardGSGP,5dded13e-85a4-11ef-9ed5-6c5d3a0f8f2f,ppb,74,18,52.64656448364258,0.060872793197631836,9998.0,55.64015197753906,93,1
StandardGSGP,5dded13e-85a4-11ef-9ed5-6c5d3a0f8f2f,ppb,74,19,52.23220443725586,0.05997896194458008,10558.0,55.196266174316406,105,1
StandardGSGP,5dded13e-85a4-11ef-9ed5-6c5d3a0f8f2f,ppb,74,20,52.23220443725586,0.06051802635192871,11122.0,55.196266174316406,105,1
StandardGSGP,5dded13e-85a4-11ef-9ed5-6c5d3a0f8f2f,ppb,74,21,51.720455169677734,0.060545921325683594,11442.0,54.735504150390625,111,1
StandardGSGP,5dded13e-85a4-11ef-9ed5-6c5d3a0f8f2f,ppb,74,22,51.681514739990234,0.061174869537353516,11988.0,54.639339447021484,111,1
StandardGSGP,5dded13e-85a4-11ef-9ed5-6c5d3a0f8f2f,ppb,74,23,51.171905517578125,0.07488131523132324,12476.0,54.10962677001953,123,1
StandardGSGP,5dded13e-85a4-11ef-9ed5-6c5d3a0f8f2f,ppb,74,24,50.80158233642578,0.10582137107849121,13064.0,53.749305725097656,129,1
StandardGSGP,5dded13e-85a4-11ef-9ed5-6c5d3a0f8f2f,ppb,74,25,50.65827560424805,0.05989980697631836,13532.0,53.613182067871094,135,1
StandardGSGP,5dded13e-85a4-11ef-9ed5-6c5d3a0f8f2f,ppb,74,26,50.47456359863281,0.0611112117767334,14120.0,53.44011688232422,141,1
StandardGSGP,5dded13e-85a4-11ef-9ed5-6c5d3a0f8f2f,ppb,74,27,50.21392822265625,0.05930948257446289,14712.0,53.173187255859375,141,1
StandardGSGP,5dded13e-85a4-11ef-9ed5-6c5d3a0f8f2f,ppb,74,28,49.91693115234375,0.06039071083068848,15236.0,52.9034423828125,147,1
StandardGSGP,5dded13e-85a4-11ef-9ed5-6c5d3a0f8f2f,ppb,74,29,49.60463333129883,0.06010842323303223,15722.0,52.610923767089844,153,1
StandardGSGP,5dded13e-85a4-11ef-9ed5-6c5d3a0f8f2f,ppb,74,30,49.60463333129883,0.060971736907958984,16234.0,52.610923767089844,153,1
StandardGSGP,5dded13e-85a4-11ef-9ed5-6c5d3a0f8f2f,ppb,74,31,49.24468231201172,0.09326434135437012,16722.0,52.133792877197266,171,1
StandardGSGP,5dded13e-85a4-11ef-9ed5-6c5d3a0f8f2f,ppb,74,32,49.088157653808594,0.060144901275634766,17276.0,52.09893035888672,173,1
StandardGSGP,5dded13e-85a4-11ef-9ed5-6c5d3a0f8f2f,ppb,74,33,48.626312255859375,0.05956387519836426,17844.0,51.611820220947266,179,1
StandardGSGP,5dded13e-85a4-11ef-9ed5-6c5d3a0f8f2f,ppb,74,34,48.32319259643555,0.06022286415100098,18388.0,51.354400634765625,185,1
StandardGSGP,5dded13e-85a4-11ef-9ed5-6c5d3a0f8f2f,ppb,74,35,48.25191116333008,0.05989551544189453,19008.0,51.2850456237793,191,1
StandardGSGP,5dded13e-85a4-11ef-9ed5-6c5d3a0f8f2f,ppb,74,36,47.85993957519531,0.07496309280395508,19602.0,50.85173416137695,197,1
StandardGSGP,5dded13e-85a4-11ef-9ed5-6c5d3a0f8f2f,ppb,74,37,47.84556579589844,0.06111502647399902,20224.0,50.8251838684082,203,1
StandardGSGP,5dded13e-85a4-11ef-9ed5-6c5d3a0f8f2f,ppb,74,38,47.586097717285156,0.05951952934265137,20812.0,50.59280014038086,209,1
StandardGSGP,5dded13e-85a4-11ef-9ed5-6c5d3a0f8f2f,ppb,74,39,47.25890350341797,0.06030154228210449,21400.0,50.32367706298828,215,1
StandardGSGP,5dded13e-85a4-11ef-9ed5-6c5d3a0f8f2f,ppb,74,40,47.03638458251953,0.07502579689025879,21986.0,50.108097076416016,221,1
StandardGSGP,5dded13e-85a4-11ef-9ed5-6c5d3a0f8f2f,ppb,74,41,46.71218490600586,0.06010627746582031,22564.0,49.78773880004883,227,1
StandardGSGP,5dded13e-85a4-11ef-9ed5-6c5d3a0f8f2f,ppb,74,42,46.60313415527344,0.060125112533569336,23054.0,49.680877685546875,227,1
StandardGSGP,5dded13e-85a4-11ef-9ed5-6c5d3a0f8f2f,ppb,74,43,46.380126953125,0.0605926513671875,23568.0,49.45696258544922,233,1
StandardGSGP,5dded13e-85a4-11ef-9ed5-6c5d3a0f8f2f,ppb,74,44,46.00304412841797,0.060149192810058594,24190.0,49.12127685546875,239,1
StandardGSGP,5dded13e-85a4-11ef-9ed5-6c5d3a0f8f2f,ppb,74,45,45.6506233215332,0.05954885482788086,24862.0,48.81443405151367,245,1
StandardGSGP,5dded13e-85a4-11ef-9ed5-6c5d3a0f8f2f,ppb,74,46,45.484317779541016,0.06092333793640137,25454.0,48.59320068359375,251,1
StandardGSGP,5dded13e-85a4-11ef-9ed5-6c5d3a0f8f2f,ppb,74,47,45.112876892089844,0.089996337890625,25950.0,48.22624588012695,257,1
StandardGSGP,5dded13e-85a4-11ef-9ed5-6c5d3a0f8f2f,ppb,74,48,45.02398681640625,0.06129646301269531,26542.0,48.13930130004883,263,1
StandardGSGP,5dded13e-85a4-11ef-9ed5-6c5d3a0f8f2f,ppb,74,49,44.79058837890625,0.06077313423156738,26978.0,47.954742431640625,265,1
StandardGSGP,5dded13e-85a4-11ef-9ed5-6c5d3a0f8f2f,ppb,74,50,44.604679107666016,0.06037592887878418,27376.0,47.76033401489258,269,1
StandardGSGP,5dded13e-85a4-11ef-9ed5-6c5d3a0f8f2f,ppb,74,51,44.416873931884766,0.06121397018432617,27774.0,47.58091735839844,271,1
StandardGSGP,5dded13e-85a4-11ef-9ed5-6c5d3a0f8f2f,ppb,74,52,44.00922775268555,0.061330318450927734,28188.0,47.195064544677734,277,1
StandardGSGP,5dded13e-85a4-11ef-9ed5-6c5d3a0f8f2f,ppb,74,53,43.76421356201172,0.06143498420715332,28642.0,46.94025802612305,283,1
StandardGSGP,5dded13e-85a4-11ef-9ed5-6c5d3a0f8f2f,ppb,74,54,43.72767639160156,0.061048030853271484,29134.0,46.91912078857422,289,1
StandardGSGP,5dded13e-85a4-11ef-9ed5-6c5d3a0f8f2f,ppb,74,55,43.63923263549805,0.0610353946685791,29624.0,46.83361053466797,295,1
StandardGSGP,5dded13e-85a4-11ef-9ed5-6c5d3a0f8f2f,ppb,74,56,43.365257263183594,0.061440467834472656,30086.0,46.56623458862305,301,1
StandardGSGP,5dded13e-85a4-11ef-9ed5-6c5d3a0f8f2f,ppb,74,57,43.18871307373047,0.05999898910522461,30632.0,46.39429473876953,307,1
StandardGSGP,5dded13e-85a4-11ef-9ed5-6c5d3a0f8f2f,ppb,74,58,43.041465759277344,0.06094217300415039,31110.0,46.233333587646484,313,1
StandardGSGP,5dded13e-85a4-11ef-9ed5-6c5d3a0f8f2f,ppb,74,59,43.01609420776367,0.06074857711791992,31710.0,46.28892135620117,319,1
StandardGSGP,5dded13e-85a4-11ef-9ed5-6c5d3a0f8f2f,ppb,74,60,42.70363235473633,0.06166982650756836,32328.0,45.95460510253906,319,1
StandardGSGP,5dded13e-85a4-11ef-9ed5-6c5d3a0f8f2f,ppb,74,61,42.37826919555664,0.06129121780395508,32978.0,45.67249298095703,327,1
StandardGSGP,5dded13e-85a4-11ef-9ed5-6c5d3a0f8f2f,ppb,74,62,42.14537811279297,0.06015300750732422,33498.0,45.411460876464844,339,1
StandardGSGP,5dded13e-85a4-11ef-9ed5-6c5d3a0f8f2f,ppb,74,63,42.11602020263672,0.09211015701293945,34086.0,45.38016128540039,345,1
StandardGSGP,5dded13e-85a4-11ef-9ed5-6c5d3a0f8f2f,ppb,74,64,41.988914489746094,0.10601282119750977,34684.0,45.29074478149414,345,1
StandardGSGP,5dded13e-85a4-11ef-9ed5-6c5d3a0f8f2f,ppb,74,65,41.74601745605469,0.061130523681640625,35224.0,45.01565933227539,351,1
StandardGSGP,5dded13e-85a4-11ef-9ed5-6c5d3a0f8f2f,ppb,74,66,41.61195373535156,0.060411930084228516,35796.0,44.83534240722656,357,1
StandardGSGP,5dded13e-85a4-11ef-9ed5-6c5d3a0f8f2f,ppb,74,67,41.27275848388672,0.06154513359069824,36388.0,44.50662612915039,363,1
StandardGSGP,5dded13e-85a4-11ef-9ed5-6c5d3a0f8f2f,ppb,74,68,41.184776306152344,0.061013221740722656,36960.0,44.56447982788086,369,1
StandardGSGP,5dded13e-85a4-11ef-9ed5-6c5d3a0f8f2f,ppb,74,69,40.710201263427734,0.06060314178466797,37502.0,44.12557601928711,375,1
StandardGSGP,5dded13e-85a4-11ef-9ed5-6c5d3a0f8f2f,ppb,74,70,40.375614166259766,0.06119179725646973,38116.0,43.72883224487305,383,1
StandardGSGP,5dded13e-85a4-11ef-9ed5-6c5d3a0f8f2f,ppb,74,71,40.278968811035156,0.060593605041503906,38710.0,43.636688232421875,389,1
StandardGSGP,5dded13e-85a4-11ef-9ed5-6c5d3a0f8f2f,ppb,74,72,39.89291763305664,0.06114482879638672,39348.0,43.26494598388672,395,1
StandardGSGP,5dded13e-85a4-11ef-9ed5-6c5d3a0f8f2f,ppb,74,73,39.77593231201172,0.06090402603149414,39926.0,43.16191101074219,401,1
StandardGSGP,5dded13e-85a4-11ef-9ed5-6c5d3a0f8f2f,ppb,74,74,39.521095275878906,0.05879616737365723,40470.0,42.940956115722656,407,1
StandardGSGP,5dded13e-85a4-11ef-9ed5-6c5d3a0f8f2f,ppb,74,75,39.51701354980469,0.07682490348815918,41092.0,42.93761444091797,413,1
StandardGSGP,5dded13e-85a4-11ef-9ed5-6c5d3a0f8f2f,ppb,74,76,39.169898986816406,0.07576656341552734,41714.0,42.55314254760742,419,1
StandardGSGP,5dded13e-85a4-11ef-9ed5-6c5d3a0f8f2f,ppb,74,77,39.03480911254883,0.0754709243774414,42350.0,42.32316207885742,423,1
StandardGSGP,5dded13e-85a4-11ef-9ed5-6c5d3a0f8f2f,ppb,74,78,38.6717529296875,0.09134340286254883,42954.0,42.11921310424805,431,1
StandardGSGP,5dded13e-85a4-11ef-9ed5-6c5d3a0f8f2f,ppb,74,79,38.487369537353516,0.060695648193359375,43560.0,41.928253173828125,437,1
StandardGSGP,5dded13e-85a4-11ef-9ed5-6c5d3a0f8f2f,ppb,74,80,37.931678771972656,0.0617060661315918,44166.0,41.389984130859375,443,1
StandardGSGP,5dded13e-85a4-11ef-9ed5-6c5d3a0f8f2f,ppb,74,81,37.931678771972656,0.05883288383483887,44750.0,41.389984130859375,443,1
StandardGSGP,5dded13e-85a4-11ef-9ed5-6c5d3a0f8f2f,ppb,74,82,37.931678771972656,0.060015201568603516,45280.0,41.389984130859375,443,1
StandardGSGP,5dded13e-85a4-11ef-9ed5-6c5d3a0f8f2f,ppb,74,83,37.60837936401367,0.06069493293762207,45788.0,41.0407829284668,461,1
StandardGSGP,5dded13e-85a4-11ef-9ed5-6c5d3a0f8f2f,ppb,74,84,37.516109466552734,0.07592439651489258,46392.0,40.932525634765625,467,1
StandardGSGP,5dded13e-85a4-11ef-9ed5-6c5d3a0f8f2f,ppb,74,85,37.295169830322266,0.06081390380859375,46906.0,40.7387580871582,467,1
StandardGSGP,5dded13e-85a4-11ef-9ed5-6c5d3a0f8f2f,ppb,74,86,37.295169830322266,0.060176849365234375,47462.0,40.7387580871582,467,1
StandardGSGP,5dded13e-85a4-11ef-9ed5-6c5d3a0f8f2f,ppb,74,87,37.04168701171875,0.06095552444458008,47970.0,40.5279426574707,479,1
StandardGSGP,5dded13e-85a4-11ef-9ed5-6c5d3a0f8f2f,ppb,74,88,36.820457458496094,0.060752153396606445,48450.0,40.25792694091797,485,1
StandardGSGP,5dded13e-85a4-11ef-9ed5-6c5d3a0f8f2f,ppb,74,89,36.81374740600586,0.06291508674621582,48916.0,40.250396728515625,491,1
StandardGSGP,5dded13e-85a4-11ef-9ed5-6c5d3a0f8f2f,ppb,74,90,36.59601974487305,0.06084489822387695,49450.0,40.03914260864258,497,1
StandardGSGP,5dded13e-85a4-11ef-9ed5-6c5d3a0f8f2f,ppb,74,91,36.394290924072266,0.061609745025634766,50102.0,39.84478759765625,503,1
StandardGSGP,5dded13e-85a4-11ef-9ed5-6c5d3a0f8f2f,ppb,74,92,36.258419036865234,0.06026935577392578,50746.0,39.7132453918457,503,1
StandardGSGP,5dded13e-85a4-11ef-9ed5-6c5d3a0f8f2f,ppb,74,93,35.971187591552734,0.061324119567871094,51274.0,39.43468475341797,509,1
StandardGSGP,5dded13e-85a4-11ef-9ed5-6c5d3a0f8f2f,ppb,74,94,35.88404083251953,0.09266066551208496,51890.0,39.35161590576172,509,1
StandardGSGP,5dded13e-85a4-11ef-9ed5-6c5d3a0f8f2f,ppb,74,95,35.84566116333008,0.06201577186584473,52420.0,39.234893798828125,521,1
StandardGSGP,5dded13e-85a4-11ef-9ed5-6c5d3a0f8f2f,ppb,74,96,35.614078521728516,0.06193232536315918,52986.0,39.09074401855469,521,1
StandardGSGP,5dded13e-85a4-11ef-9ed5-6c5d3a0f8f2f,ppb,74,97,35.57982635498047,0.06110262870788574,53444.0,39.04893493652344,521,1
StandardGSGP,5dded13e-85a4-11ef-9ed5-6c5d3a0f8f2f,ppb,74,98,35.27167510986328,0.06092047691345215,53866.0,38.76980972290039,533,1
StandardGSGP,5dded13e-85a4-11ef-9ed5-6c5d3a0f8f2f,ppb,74,99,35.24334716796875,0.06025218963623047,54108.0,38.744956970214844,539,1
StandardGSGP,5dded13e-85a4-11ef-9ed5-6c5d3a0f8f2f,ppb,74,100,35.182193756103516,0.05985903739929199,54544.0,38.67305374145508,545,1
StandardGSGP,b706af74-85a4-11ef-8861-6c5d3a0f8f2f,ppb,74,0,57.22980880737305,0.1560955047607422,3660.0,60.118648529052734,3,1
StandardGSGP,b706af74-85a4-11ef-8861-6c5d3a0f8f2f,ppb,74,1,57.012939453125,0.037992000579833984,2076.0,59.90546417236328,9,1
StandardGSGP,b706af74-85a4-11ef-8861-6c5d3a0f8f2f,ppb,74,2,57.012939453125,0.040949344635009766,1798.0,59.90546417236328,9,1
StandardGSGP,b706af74-85a4-11ef-8861-6c5d3a0f8f2f,ppb,74,3,56.75133514404297,0.03993701934814453,2074.0,59.644630432128906,21,1
StandardGSGP,b706af74-85a4-11ef-8861-6c5d3a0f8f2f,ppb,74,4,56.48725509643555,0.04093432426452637,2608.0,59.390560150146484,21,1
StandardGSGP,b706af74-85a4-11ef-8861-6c5d3a0f8f2f,ppb,74,5,56.288753509521484,0.04057574272155762,3122.0,59.17452621459961,27,1
StandardGSGP,b706af74-85a4-11ef-8861-6c5d3a0f8f2f,ppb,74,6,56.058536529541016,0.04051923751831055,3600.0,58.912967681884766,33,1
StandardGSGP,b706af74-85a4-11ef-8861-6c5d3a0f8f2f,ppb,74,7,55.885772705078125,0.03998994827270508,4012.0,58.81144714355469,33,1
StandardGSGP,b706af74-85a4-11ef-8861-6c5d3a0f8f2f,ppb,74,8,55.770748138427734,0.03956866264343262,4432.0,58.66761779785156,33,1
StandardGSGP,b706af74-85a4-11ef-8861-6c5d3a0f8f2f,ppb,74,9,55.57097244262695,0.04040360450744629,4766.0,58.50251388549805,39,1
StandardGSGP,b706af74-85a4-11ef-8861-6c5d3a0f8f2f,ppb,74,10,55.018524169921875,0.040526390075683594,5300.0,57.95931625366211,45,1
StandardGSGP,b7613435-85a4-11ef-9ed5-6c5d3a0f8f2f,ppb,74,0,57.22980880737305,1.5421936511993408,3660.0,60.118648529052734,3,1
StandardGSGP,b7613435-85a4-11ef-9ed5-6c5d3a0f8f2f,ppb,74,1,57.012939453125,0.06363129615783691,2082.0,59.90546417236328,9,1
StandardGSGP,b7613435-85a4-11ef-9ed5-6c5d3a0f8f2f,ppb,74,2,57.012939453125,0.06294465065002441,2026.0,59.90546417236328,9,1
StandardGSGP,b7613435-85a4-11ef-9ed5-6c5d3a0f8f2f,ppb,74,3,56.786285400390625,0.06109476089477539,2312.0,59.68736267089844,15,1
StandardGSGP,b7613435-85a4-11ef-9ed5-6c5d3a0f8f2f,ppb,74,4,56.68245315551758,0.06100606918334961,2782.0,59.5860481262207,21,1
StandardGSGP,b7613435-85a4-11ef-9ed5-6c5d3a0f8f2f,ppb,74,5,56.06733322143555,0.06188797950744629,3156.0,58.988372802734375,27,1
StandardGSGP,b7613435-85a4-11ef-9ed5-6c5d3a0f8f2f,ppb,74,6,55.86701583862305,0.060600996017456055,3624.0,58.76530075073242,33,1
StandardGSGP,b7613435-85a4-11ef-9ed5-6c5d3a0f8f2f,ppb,74,7,55.502357482910156,0.0614473819732666,4048.0,58.42348098754883,39,1
StandardGSGP,b7613435-85a4-11ef-9ed5-6c5d3a0f8f2f,ppb,74,8,55.239234924316406,0.06055903434753418,4502.0,58.152992248535156,45,1
StandardGSGP,b7613435-85a4-11ef-9ed5-6c5d3a0f8f2f,ppb,74,9,54.80342102050781,0.06141519546508789,5014.0,57.7288932800293,51,1
StandardGSGP,b7613435-85a4-11ef-9ed5-6c5d3a0f8f2f,ppb,74,10,54.708988189697266,0.06864285469055176,5528.0,57.5573844909668,59,1
StandardGSGP,b7613435-85a4-11ef-9ed5-6c5d3a0f8f2f,ppb,74,11,54.45937728881836,0.061842918395996094,6074.0,57.40095520019531,57,1
StandardGSGP,b7613435-85a4-11ef-9ed5-6c5d3a0f8f2f,ppb,74,12,54.04957580566406,0.05880928039550781,6680.0,57.00214767456055,63,1
StandardGSGP,b7613435-85a4-11ef-9ed5-6c5d3a0f8f2f,ppb,74,13,53.95264434814453,0.06142759323120117,7222.0,56.907344818115234,69,1
StandardGSGP,b7613435-85a4-11ef-9ed5-6c5d3a0f8f2f,ppb,74,14,53.757911682128906,0.06083869934082031,7816.0,56.608394622802734,77,1
StandardGSGP,b7613435-85a4-11ef-9ed5-6c5d3a0f8f2f,ppb,74,15,53.464454650878906,0.06118035316467285,8418.0,56.4351806640625,81,1
StandardGSGP,b7613435-85a4-11ef-9ed5-6c5d3a0f8f2f,ppb,74,16,53.203575134277344,0.09106898307800293,9014.0,56.09865188598633,89,1
StandardGSGP,b7613435-85a4-11ef-9ed5-6c5d3a0f8f2f,ppb,74,17,52.99372482299805,0.06182718276977539,9604.0,55.973045349121094,87,1
StandardGSGP,b7613435-85a4-11ef-9ed5-6c5d3a0f8f2f,ppb,74,18,52.64656448364258,0.05956745147705078,9998.0,55.64015197753906,93,1
StandardGSGP,b7613435-85a4-11ef-9ed5-6c5d3a0f8f2f,ppb,74,19,52.23220443725586,0.059975385665893555,10558.0,55.196266174316406,105,1
StandardGSGP,b7613435-85a4-11ef-9ed5-6c5d3a0f8f2f,ppb,74,20,52.23220443725586,0.05891871452331543,11122.0,55.196266174316406,105,1
StandardGSGP,b7613435-85a4-11ef-9ed5-6c5d3a0f8f2f,ppb,74,21,51.720455169677734,0.10702705383300781,11442.0,54.735504150390625,111,1
StandardGSGP,b7613435-85a4-11ef-9ed5-6c5d3a0f8f2f,ppb,74,22,51.681514739990234,0.061894893646240234,11988.0,54.639339447021484,111,1
StandardGSGP,b7613435-85a4-11ef-9ed5-6c5d3a0f8f2f,ppb,74,23,51.171905517578125,0.060877084732055664,12476.0,54.10962677001953,123,1
StandardGSGP,b7613435-85a4-11ef-9ed5-6c5d3a0f8f2f,ppb,74,24,50.80158233642578,0.06171464920043945,13064.0,53.749305725097656,129,1
StandardGSGP,b7613435-85a4-11ef-9ed5-6c5d3a0f8f2f,ppb,74,25,50.65827560424805,0.062212228775024414,13532.0,53.613182067871094,135,1
StandardGSGP,b7613435-85a4-11ef-9ed5-6c5d3a0f8f2f,ppb,74,26,50.47456359863281,0.06073403358459473,14120.0,53.44011688232422,141,1
StandardGSGP,b7613435-85a4-11ef-9ed5-6c5d3a0f8f2f,ppb,74,27,50.21392822265625,0.060561180114746094,14712.0,53.173187255859375,141,1
StandardGSGP,b7613435-85a4-11ef-9ed5-6c5d3a0f8f2f,ppb,74,28,49.91693115234375,0.0619199275970459,15236.0,52.9034423828125,147,1
StandardGSGP,b7613435-85a4-11ef-9ed5-6c5d3a0f8f2f,ppb,74,29,49.60463333129883,0.06030893325805664,15722.0,52.610923767089844,153,1
StandardGSGP,b7613435-85a4-11ef-9ed5-6c5d3a0f8f2f,ppb,74,30,49.60463333129883,0.0601809024810791,16234.0,52.610923767089844,153,1
StandardGSGP,b7613435-85a4-11ef-9ed5-6c5d3a0f8f2f,ppb,74,31,49.24468231201172,0.06302189826965332,16722.0,52.133792877197266,171,1
StandardGSGP,b7613435-85a4-11ef-9ed5-6c5d3a0f8f2f,ppb,74,32,49.088157653808594,0.08959412574768066,17276.0,52.09893035888672,173,1
StandardGSGP,b7613435-85a4-11ef-9ed5-6c5d3a0f8f2f,ppb,74,33,48.626312255859375,0.06101489067077637,17844.0,51.611820220947266,179,1
StandardGSGP,b7613435-85a4-11ef-9ed5-6c5d3a0f8f2f,ppb,74,34,48.32319259643555,0.06144881248474121,18388.0,51.354400634765625,185,1
StandardGSGP,b7613435-85a4-11ef-9ed5-6c5d3a0f8f2f,ppb,74,35,48.25191116333008,0.06076860427856445,19008.0,51.2850456237793,191,1
StandardGSGP,b7613435-85a4-11ef-9ed5-6c5d3a0f8f2f,ppb,74,36,47.85993957519531,0.06279420852661133,19602.0,50.85173416137695,197,1
StandardGSGP,b7613435-85a4-11ef-9ed5-6c5d3a0f8f2f,ppb,74,37,47.84556579589844,0.062015533447265625,20224.0,50.8251838684082,203,1
StandardGSGP,b7613435-85a4-11ef-9ed5-6c5d3a0f8f2f,ppb,74,38,47.586097717285156,0.06180882453918457,20812.0,50.59280014038086,209,1
StandardGSGP,b7613435-85a4-11ef-9ed5-6c5d3a0f8f2f,ppb,74,39,47.25890350341797,0.06097149848937988,21400.0,50.32367706298828,215,1
StandardGSGP,b7613435-85a4-11ef-9ed5-6c5d3a0f8f2f,ppb,74,40,47.03638458251953,0.06087136268615723,21986.0,50.108097076416016,221,1
StandardGSGP,b7613435-85a4-11ef-9ed5-6c5d3a0f8f2f,ppb,74,41,46.71218490600586,0.06000947952270508,22564.0,49.78773880004883,227,1
StandardGSGP,b7613435-85a4-11ef-9ed5-6c5d3a0f8f2f,ppb,74,42,46.60313415527344,0.06294536590576172,23054.0,49.680877685546875,227,1
StandardGSGP,b7613435-85a4-11ef-9ed5-6c5d3a0f8f2f,ppb,74,43,46.380126953125,0.061855316162109375,23568.0,49.45696258544922,233,1
StandardGSGP,b7613435-85a4-11ef-9ed5-6c5d3a0f8f2f,ppb,74,44,46.00304412841797,0.07555270195007324,24190.0,49.12127685546875,239,1
StandardGSGP,b7613435-85a4-11ef-9ed5-6c5d3a0f8f2f,ppb,74,45,45.6506233215332,0.059706926345825195,24862.0,48.81443405151367,245,1
StandardGSGP,b7613435-85a4-11ef-9ed5-6c5d3a0f8f2f,ppb,74,46,45.484317779541016,0.060332298278808594,25454.0,48.59320068359375,251,1
StandardGSGP,b7613435-85a4-11ef-9ed5-6c5d3a0f8f2f,ppb,74,47,45.112876892089844,0.06145024299621582,25950.0,48.22624588012695,257,1
StandardGSGP,b7613435-85a4-11ef-9ed5-6c5d3a0f8f2f,ppb,74,48,45.02398681640625,0.09101653099060059,26542.0,48.13930130004883,263,1
StandardGSGP,b7613435-85a4-11ef-9ed5-6c5d3a0f8f2f,ppb,74,49,44.79058837890625,0.06244921684265137,26978.0,47.954742431640625,265,1
StandardGSGP,b7613435-85a4-11ef-9ed5-6c5d3a0f8f2f,ppb,74,50,44.604679107666016,0.06089949607849121,27376.0,47.76033401489258,269,1
StandardGSGP,b7613435-85a4-11ef-9ed5-6c5d3a0f8f2f,ppb,74,51,44.416873931884766,0.061600446701049805,27774.0,47.58091735839844,271,1
StandardGSGP,b7613435-85a4-11ef-9ed5-6c5d3a0f8f2f,ppb,74,52,44.00922775268555,0.06192946434020996,28188.0,47.195064544677734,277,1
StandardGSGP,b7613435-85a4-11ef-9ed5-6c5d3a0f8f2f,ppb,74,53,43.76421356201172,0.06055903434753418,28642.0,46.94025802612305,283,1
StandardGSGP,b7613435-85a4-11ef-9ed5-6c5d3a0f8f2f,ppb,74,54,43.72767639160156,0.060271263122558594,29134.0,46.91912078857422,289,1
StandardGSGP,b7613435-85a4-11ef-9ed5-6c5d3a0f8f2f,ppb,74,55,43.63923263549805,0.0610806941986084,29624.0,46.83361053466797,295,1
StandardGSGP,b7613435-85a4-11ef-9ed5-6c5d3a0f8f2f,ppb,74,56,43.365257263183594,0.06042766571044922,30086.0,46.56623458862305,301,1
StandardGSGP,b7613435-85a4-11ef-9ed5-6c5d3a0f8f2f,ppb,74,57,43.18871307373047,0.06046772003173828,30632.0,46.39429473876953,307,1
StandardGSGP,b7613435-85a4-11ef-9ed5-6c5d3a0f8f2f,ppb,74,58,43.041465759277344,0.10957121849060059,31110.0,46.233333587646484,313,1
StandardGSGP,b7613435-85a4-11ef-9ed5-6c5d3a0f8f2f,ppb,74,59,43.01609420776367,0.06108975410461426,31710.0,46.28892135620117,319,1
StandardGSGP,b7613435-85a4-11ef-9ed5-6c5d3a0f8f2f,ppb,74,60,42.70363235473633,0.061078548431396484,32328.0,45.95460510253906,319,1
StandardGSGP,b7613435-85a4-11ef-9ed5-6c5d3a0f8f2f,ppb,74,61,42.37826919555664,0.06110119819641113,32978.0,45.67249298095703,327,1
StandardGSGP,b7613435-85a4-11ef-9ed5-6c5d3a0f8f2f,ppb,74,62,42.14537811279297,0.06269621849060059,33498.0,45.411460876464844,339,1
StandardGSGP,b7613435-85a4-11ef-9ed5-6c5d3a0f8f2f,ppb,74,63,42.11602020263672,0.08414888381958008,34086.0,45.38016128540039,345,1
StandardGSGP,b7613435-85a4-11ef-9ed5-6c5d3a0f8f2f,ppb,74,64,41.988914489746094,0.06148481369018555,34684.0,45.29074478149414,345,1
StandardGSGP,b7613435-85a4-11ef-9ed5-6c5d3a0f8f2f,ppb,74,65,41.74601745605469,0.06025338172912598,35224.0,45.01565933227539,351,1
StandardGSGP,b7613435-85a4-11ef-9ed5-6c5d3a0f8f2f,ppb,74,66,41.61195373535156,0.061092376708984375,35796.0,44.83534240722656,357,1
StandardGSGP,b7613435-85a4-11ef-9ed5-6c5d3a0f8f2f,ppb,74,67,41.27275848388672,0.06150364875793457,36388.0,44.50662612915039,363,1
StandardGSGP,b7613435-85a4-11ef-9ed5-6c5d3a0f8f2f,ppb,74,68,41.184776306152344,0.06174778938293457,36960.0,44.56447982788086,369,1
StandardGSGP,b7613435-85a4-11ef-9ed5-6c5d3a0f8f2f,ppb,74,69,40.710201263427734,0.06036734580993652,37502.0,44.12557601928711,375,1
StandardGSGP,b7613435-85a4-11ef-9ed5-6c5d3a0f8f2f,ppb,74,70,40.375614166259766,0.061464786529541016,38116.0,43.72883224487305,383,1
StandardGSGP,b7613435-85a4-11ef-9ed5-6c5d3a0f8f2f,ppb,74,71,40.278968811035156,0.060259103775024414,38710.0,43.636688232421875,389,1
StandardGSGP,b7613435-85a4-11ef-9ed5-6c5d3a0f8f2f,ppb,74,72,39.89291763305664,0.06082296371459961,39348.0,43.26494598388672,395,1
StandardGSGP,b7613435-85a4-11ef-9ed5-6c5d3a0f8f2f,ppb,74,73,39.77593231201172,0.061940908432006836,39926.0,43.16191101074219,401,1
StandardGSGP,b7613435-85a4-11ef-9ed5-6c5d3a0f8f2f,ppb,74,74,39.521095275878906,0.061334848403930664,40470.0,42.940956115722656,407,1
StandardGSGP,b7613435-85a4-11ef-9ed5-6c5d3a0f8f2f,ppb,74,75,39.51701354980469,0.06071138381958008,41092.0,42.93761444091797,413,1
StandardGSGP,b7613435-85a4-11ef-9ed5-6c5d3a0f8f2f,ppb,74,76,39.169898986816406,0.062255859375,41714.0,42.55314254760742,419,1
StandardGSGP,b7613435-85a4-11ef-9ed5-6c5d3a0f8f2f,ppb,74,77,39.03480911254883,0.06251978874206543,42350.0,42.32316207885742,423,1
StandardGSGP,b7613435-85a4-11ef-9ed5-6c5d3a0f8f2f,ppb,74,78,38.6717529296875,0.061707258224487305,42954.0,42.11921310424805,431,1
StandardGSGP,b7613435-85a4-11ef-9ed5-6c5d3a0f8f2f,ppb,74,79,38.487369537353516,0.09224510192871094,43560.0,41.928253173828125,437,1
StandardGSGP,b7613435-85a4-11ef-9ed5-6c5d3a0f8f2f,ppb,74,80,37.931678771972656,0.059509992599487305,44166.0,41.389984130859375,443,1
StandardGSGP,b7613435-85a4-11ef-9ed5-6c5d3a0f8f2f,ppb,74,81,37.931678771972656,0.06038665771484375,44750.0,41.389984130859375,443,1
StandardGSGP,b7613435-85a4-11ef-9ed5-6c5d3a0f8f2f,ppb,74,82,37.931678771972656,0.061092376708984375,45280.0,41.389984130859375,443,1
StandardGSGP,b7613435-85a4-11ef-9ed5-6c5d3a0f8f2f,ppb,74,83,37.60837936401367,0.06074166297912598,45788.0,41.0407829284668,461,1
StandardGSGP,b7613435-85a4-11ef-9ed5-6c5d3a0f8f2f,ppb,74,84,37.516109466552734,0.06746864318847656,46392.0,40.932525634765625,467,1
StandardGSGP,b7613435-85a4-11ef-9ed5-6c5d3a0f8f2f,ppb,74,85,37.295169830322266,0.059777259826660156,46906.0,40.7387580871582,467,1
StandardGSGP,b7613435-85a4-11ef-9ed5-6c5d3a0f8f2f,ppb,74,86,37.295169830322266,0.061109066009521484,47462.0,40.7387580871582,467,1
StandardGSGP,b7613435-85a4-11ef-9ed5-6c5d3a0f8f2f,ppb,74,87,37.04168701171875,0.06074118614196777,47970.0,40.5279426574707,479,1
StandardGSGP,b7613435-85a4-11ef-9ed5-6c5d3a0f8f2f,ppb,74,88,36.820457458496094,0.06050920486450195,48450.0,40.25792694091797,485,1
StandardGSGP,b7613435-85a4-11ef-9ed5-6c5d3a0f8f2f,ppb,74,89,36.81374740600586,0.06198835372924805,48916.0,40.250396728515625,491,1
StandardGSGP,b7613435-85a4-11ef-9ed5-6c5d3a0f8f2f,ppb,74,90,36.59601974487305,0.05939221382141113,49450.0,40.03914260864258,497,1
StandardGSGP,b7613435-85a4-11ef-9ed5-6c5d3a0f8f2f,ppb,74,91,36.394290924072266,0.06099700927734375,50102.0,39.84478759765625,503,1
StandardGSGP,b7613435-85a4-11ef-9ed5-6c5d3a0f8f2f,ppb,74,92,36.258419036865234,0.0606541633605957,50746.0,39.7132453918457,503,1
StandardGSGP,b7613435-85a4-11ef-9ed5-6c5d3a0f8f2f,ppb,74,93,35.971187591552734,0.060914039611816406,51274.0,39.43468475341797,509,1
StandardGSGP,b7613435-85a4-11ef-9ed5-6c5d3a0f8f2f,ppb,74,94,35.88404083251953,0.06094217300415039,51890.0,39.35161590576172,509,1
StandardGSGP,b7613435-85a4-11ef-9ed5-6c5d3a0f8f2f,ppb,74,95,35.84566116333008,0.09099316596984863,52420.0,39.234893798828125,521,1
StandardGSGP,b7613435-85a4-11ef-9ed5-6c5d3a0f8f2f,ppb,74,96,35.614078521728516,0.061283111572265625,52986.0,39.09074401855469,521,1
StandardGSGP,b7613435-85a4-11ef-9ed5-6c5d3a0f8f2f,ppb,74,97,35.57982635498047,0.06087946891784668,53444.0,39.04893493652344,521,1
StandardGSGP,b7613435-85a4-11ef-9ed5-6c5d3a0f8f2f,ppb,74,98,35.27167510986328,0.059827566146850586,53866.0,38.76980972290039,533,1
StandardGSGP,b7613435-85a4-11ef-9ed5-6c5d3a0f8f2f,ppb,74,99,35.24334716796875,0.06040215492248535,54108.0,38.744956970214844,539,1
StandardGSGP,b7613435-85a4-11ef-9ed5-6c5d3a0f8f2f,ppb,74,100,35.182193756103516,0.1071939468383789,54544.0,38.67305374145508,545,1
StandardGSGP,7c037b9a-85a5-11ef-8861-6c5d3a0f8f2f,ppb,74,0,57.22980880737305,0.1617746353149414,3660.0,60.118648529052734,3,1
StandardGSGP,7c037b9a-85a5-11ef-8861-6c5d3a0f8f2f,ppb,74,1,57.012939453125,0.04361128807067871,2076.0,59.90546417236328,9,1
StandardGSGP,7c037b9a-85a5-11ef-8861-6c5d3a0f8f2f,ppb,74,2,57.012939453125,0.0440828800201416,1798.0,59.90546417236328,9,1
StandardGSGP,7c037b9a-85a5-11ef-8861-6c5d3a0f8f2f,ppb,74,3,56.75133514404297,0.04363536834716797,2074.0,59.644630432128906,21,1
StandardGSGP,7c037b9a-85a5-11ef-8861-6c5d3a0f8f2f,ppb,74,4,56.48725509643555,0.04057955741882324,2608.0,59.390560150146484,21,1
StandardGSGP,7c037b9a-85a5-11ef-8861-6c5d3a0f8f2f,ppb,74,5,56.288753509521484,0.04109501838684082,3122.0,59.17452621459961,27,1
StandardGSGP,7c037b9a-85a5-11ef-8861-6c5d3a0f8f2f,ppb,74,6,56.058536529541016,0.045607805252075195,3600.0,58.912967681884766,33,1
StandardGSGP,7c037b9a-85a5-11ef-8861-6c5d3a0f8f2f,ppb,74,7,55.885772705078125,0.04506182670593262,4012.0,58.81144714355469,33,1
StandardGSGP,7c037b9a-85a5-11ef-8861-6c5d3a0f8f2f,ppb,74,8,55.770748138427734,0.043595314025878906,4432.0,58.66761779785156,33,1
StandardGSGP,7c037b9a-85a5-11ef-8861-6c5d3a0f8f2f,ppb,74,9,55.57097244262695,0.04408621788024902,4766.0,58.50251388549805,39,1
StandardGSGP,7c037b9a-85a5-11ef-8861-6c5d3a0f8f2f,ppb,74,10,55.018524169921875,0.047084808349609375,5300.0,57.95931625366211,45,1
StandardGSGP,7c647e74-85a5-11ef-9ed5-6c5d3a0f8f2f,ppb,74,0,57.22980880737305,1.558405876159668,3660.0,60.118648529052734,3,1
StandardGSGP,7c647e74-85a5-11ef-9ed5-6c5d3a0f8f2f,ppb,74,1,57.012939453125,0.06285619735717773,2082.0,59.90546417236328,9,1
StandardGSGP,7c647e74-85a5-11ef-9ed5-6c5d3a0f8f2f,ppb,74,2,57.012939453125,0.061255693435668945,2026.0,59.90546417236328,9,1
StandardGSGP,7c647e74-85a5-11ef-9ed5-6c5d3a0f8f2f,ppb,74,3,56.786285400390625,0.060477256774902344,2312.0,59.68736267089844,15,1
StandardGSGP,7c647e74-85a5-11ef-9ed5-6c5d3a0f8f2f,ppb,74,4,56.68245315551758,0.06260561943054199,2782.0,59.5860481262207,21,1
StandardGSGP,7c647e74-85a5-11ef-9ed5-6c5d3a0f8f2f,ppb,74,5,56.06733322143555,0.06163835525512695,3156.0,58.988372802734375,27,1
StandardGSGP,7c647e74-85a5-11ef-9ed5-6c5d3a0f8f2f,ppb,74,6,55.86701583862305,0.06184649467468262,3624.0,58.76530075073242,33,1
StandardGSGP,7c647e74-85a5-11ef-9ed5-6c5d3a0f8f2f,ppb,74,7,55.502357482910156,0.06091451644897461,4048.0,58.42348098754883,39,1
StandardGSGP,7c647e74-85a5-11ef-9ed5-6c5d3a0f8f2f,ppb,74,8,55.239234924316406,0.060086965560913086,4502.0,58.152992248535156,45,1
StandardGSGP,7c647e74-85a5-11ef-9ed5-6c5d3a0f8f2f,ppb,74,9,54.80342102050781,0.06256270408630371,5014.0,57.7288932800293,51,1
StandardGSGP,7c647e74-85a5-11ef-9ed5-6c5d3a0f8f2f,ppb,74,10,54.708988189697266,0.061351776123046875,5528.0,57.5573844909668,59,1
StandardGSGP,7c647e74-85a5-11ef-9ed5-6c5d3a0f8f2f,ppb,74,11,54.45937728881836,0.06102252006530762,6074.0,57.40095520019531,57,1
StandardGSGP,7c647e74-85a5-11ef-9ed5-6c5d3a0f8f2f,ppb,74,12,54.04957580566406,0.06073307991027832,6680.0,57.00214767456055,63,1
StandardGSGP,7c647e74-85a5-11ef-9ed5-6c5d3a0f8f2f,ppb,74,13,53.95264434814453,0.07680678367614746,7222.0,56.907344818115234,69,1
StandardGSGP,7c647e74-85a5-11ef-9ed5-6c5d3a0f8f2f,ppb,74,14,53.757911682128906,0.06038832664489746,7816.0,56.608394622802734,77,1
StandardGSGP,7c647e74-85a5-11ef-9ed5-6c5d3a0f8f2f,ppb,74,15,53.464454650878906,0.06175994873046875,8418.0,56.4351806640625,81,1
StandardGSGP,7c647e74-85a5-11ef-9ed5-6c5d3a0f8f2f,ppb,74,16,53.203575134277344,0.09049057960510254,9014.0,56.09865188598633,89,1
StandardGSGP,7c647e74-85a5-11ef-9ed5-6c5d3a0f8f2f,ppb,74,17,52.99372482299805,0.06236529350280762,9604.0,55.973045349121094,87,1
StandardGSGP,7c647e74-85a5-11ef-9ed5-6c5d3a0f8f2f,ppb,74,18,52.64656448364258,0.0604395866394043,9998.0,55.64015197753906,93,1
StandardGSGP,7c647e74-85a5-11ef-9ed5-6c5d3a0f8f2f,ppb,74,19,52.23220443725586,0.06008100509643555,10558.0,55.196266174316406,105,1
StandardGSGP,7c647e74-85a5-11ef-9ed5-6c5d3a0f8f2f,ppb,74,20,52.23220443725586,0.06160259246826172,11122.0,55.196266174316406,105,1
StandardGSGP,7c647e74-85a5-11ef-9ed5-6c5d3a0f8f2f,ppb,74,21,51.720455169677734,0.10742568969726562,11442.0,54.735504150390625,111,1
StandardGSGP,7c647e74-85a5-11ef-9ed5-6c5d3a0f8f2f,ppb,74,22,51.681514739990234,0.06151390075683594,11988.0,54.639339447021484,111,1
StandardGSGP,7c647e74-85a5-11ef-9ed5-6c5d3a0f8f2f,ppb,74,23,51.171905517578125,0.06051278114318848,12476.0,54.10962677001953,123,1
StandardGSGP,7c647e74-85a5-11ef-9ed5-6c5d3a0f8f2f,ppb,74,24,50.80158233642578,0.0613405704498291,13064.0,53.749305725097656,129,1
StandardGSGP,7c647e74-85a5-11ef-9ed5-6c5d3a0f8f2f,ppb,74,25,50.65827560424805,0.06298637390136719,13532.0,53.613182067871094,135,1
StandardGSGP,7c647e74-85a5-11ef-9ed5-6c5d3a0f8f2f,ppb,74,26,50.47456359863281,0.06299734115600586,14120.0,53.44011688232422,141,1
StandardGSGP,7c647e74-85a5-11ef-9ed5-6c5d3a0f8f2f,ppb,74,27,50.21392822265625,0.06020998954772949,14712.0,53.173187255859375,141,1
StandardGSGP,7c647e74-85a5-11ef-9ed5-6c5d3a0f8f2f,ppb,74,28,49.91693115234375,0.0610201358795166,15236.0,52.9034423828125,147,1
StandardGSGP,7c647e74-85a5-11ef-9ed5-6c5d3a0f8f2f,ppb,74,29,49.60463333129883,0.059407949447631836,15722.0,52.610923767089844,153,1
StandardGSGP,7c647e74-85a5-11ef-9ed5-6c5d3a0f8f2f,ppb,74,30,49.60463333129883,0.07631635665893555,16234.0,52.610923767089844,153,1
StandardGSGP,7c647e74-85a5-11ef-9ed5-6c5d3a0f8f2f,ppb,74,31,49.24468231201172,0.10698628425598145,16722.0,52.133792877197266,171,1
StandardGSGP,7c647e74-85a5-11ef-9ed5-6c5d3a0f8f2f,ppb,74,32,49.088157653808594,0.06195640563964844,17276.0,52.09893035888672,173,1
StandardGSGP,7c647e74-85a5-11ef-9ed5-6c5d3a0f8f2f,ppb,74,33,48.626312255859375,0.06081390380859375,17844.0,51.611820220947266,179,1
StandardGSGP,7c647e74-85a5-11ef-9ed5-6c5d3a0f8f2f,ppb,74,34,48.32319259643555,0.061749935150146484,18388.0,51.354400634765625,185,1
StandardGSGP,7c647e74-85a5-11ef-9ed5-6c5d3a0f8f2f,ppb,74,35,48.25191116333008,0.060639142990112305,19008.0,51.2850456237793,191,1
StandardGSGP,7c647e74-85a5-11ef-9ed5-6c5d3a0f8f2f,ppb,74,36,47.85993957519531,0.06096243858337402,19602.0,50.85173416137695,197,1
StandardGSGP,7c647e74-85a5-11ef-9ed5-6c5d3a0f8f2f,ppb,74,37,47.84556579589844,0.06275486946105957,20224.0,50.8251838684082,203,1
StandardGSGP,7c647e74-85a5-11ef-9ed5-6c5d3a0f8f2f,ppb,74,38,47.586097717285156,0.06322097778320312,20812.0,50.59280014038086,209,1
StandardGSGP,7c647e74-85a5-11ef-9ed5-6c5d3a0f8f2f,ppb,74,39,47.25890350341797,0.06160688400268555,21400.0,50.32367706298828,215,1
StandardGSGP,7c647e74-85a5-11ef-9ed5-6c5d3a0f8f2f,ppb,74,40,47.03638458251953,0.059305667877197266,21986.0,50.108097076416016,221,1
StandardGSGP,7c647e74-85a5-11ef-9ed5-6c5d3a0f8f2f,ppb,74,41,46.71218490600586,0.060079336166381836,22564.0,49.78773880004883,227,1
StandardGSGP,7c647e74-85a5-11ef-9ed5-6c5d3a0f8f2f,ppb,74,42,46.60313415527344,0.06111860275268555,23054.0,49.680877685546875,227,1
StandardGSGP,7c647e74-85a5-11ef-9ed5-6c5d3a0f8f2f,ppb,74,43,46.380126953125,0.06177043914794922,23568.0,49.45696258544922,233,1
StandardGSGP,7c647e74-85a5-11ef-9ed5-6c5d3a0f8f2f,ppb,74,44,46.00304412841797,0.06120753288269043,24190.0,49.12127685546875,239,1
StandardGSGP,7c647e74-85a5-11ef-9ed5-6c5d3a0f8f2f,ppb,74,45,45.6506233215332,0.0611882209777832,24862.0,48.81443405151367,245,1
StandardGSGP,7c647e74-85a5-11ef-9ed5-6c5d3a0f8f2f,ppb,74,46,45.484317779541016,0.06057620048522949,25454.0,48.59320068359375,251,1
StandardGSGP,7c647e74-85a5-11ef-9ed5-6c5d3a0f8f2f,ppb,74,47,45.112876892089844,0.09105873107910156,25950.0,48.22624588012695,257,1
StandardGSGP,7c647e74-85a5-11ef-9ed5-6c5d3a0f8f2f,ppb,74,48,45.02398681640625,0.06073451042175293,26542.0,48.13930130004883,263,1
StandardGSGP,7c647e74-85a5-11ef-9ed5-6c5d3a0f8f2f,ppb,74,49,44.79058837890625,0.06022310256958008,26978.0,47.954742431640625,265,1
StandardGSGP,7c647e74-85a5-11ef-9ed5-6c5d3a0f8f2f,ppb,74,50,44.604679107666016,0.06118011474609375,27376.0,47.76033401489258,269,1
StandardGSGP,7c647e74-85a5-11ef-9ed5-6c5d3a0f8f2f,ppb,74,51,44.416873931884766,0.060817718505859375,27774.0,47.58091735839844,271,1
StandardGSGP,7c647e74-85a5-11ef-9ed5-6c5d3a0f8f2f,ppb,74,52,44.00922775268555,0.06165361404418945,28188.0,47.195064544677734,277,1
StandardGSGP,7c647e74-85a5-11ef-9ed5-6c5d3a0f8f2f,ppb,74,53,43.76421356201172,0.06031608581542969,28642.0,46.94025802612305,283,1
StandardGSGP,7c647e74-85a5-11ef-9ed5-6c5d3a0f8f2f,ppb,74,54,43.72767639160156,0.06080961227416992,29134.0,46.91912078857422,289,1
StandardGSGP,7c647e74-85a5-11ef-9ed5-6c5d3a0f8f2f,ppb,74,55,43.63923263549805,0.061148881912231445,29624.0,46.83361053466797,295,1
StandardGSGP,7c647e74-85a5-11ef-9ed5-6c5d3a0f8f2f,ppb,74,56,43.365257263183594,0.06203961372375488,30086.0,46.56623458862305,301,1
StandardGSGP,7c647e74-85a5-11ef-9ed5-6c5d3a0f8f2f,ppb,74,57,43.18871307373047,0.06067466735839844,30632.0,46.39429473876953,307,1
StandardGSGP,7c647e74-85a5-11ef-9ed5-6c5d3a0f8f2f,ppb,74,58,43.041465759277344,0.10783600807189941,31110.0,46.233333587646484,313,1
StandardGSGP,7c647e74-85a5-11ef-9ed5-6c5d3a0f8f2f,ppb,74,59,43.01609420776367,0.06148386001586914,31710.0,46.28892135620117,319,1
StandardGSGP,7c647e74-85a5-11ef-9ed5-6c5d3a0f8f2f,ppb,74,60,42.70363235473633,0.06110334396362305,32328.0,45.95460510253906,319,1
StandardGSGP,7c647e74-85a5-11ef-9ed5-6c5d3a0f8f2f,ppb,74,61,42.37826919555664,0.06230330467224121,32978.0,45.67249298095703,327,1
StandardGSGP,7c647e74-85a5-11ef-9ed5-6c5d3a0f8f2f,ppb,74,62,42.14537811279297,0.09170746803283691,33498.0,45.411460876464844,339,1
StandardGSGP,7c647e74-85a5-11ef-9ed5-6c5d3a0f8f2f,ppb,74,63,42.11602020263672,0.0603635311126709,34086.0,45.38016128540039,345,1
StandardGSGP,7c647e74-85a5-11ef-9ed5-6c5d3a0f8f2f,ppb,74,64,41.988914489746094,0.062367916107177734,34684.0,45.29074478149414,345,1
StandardGSGP,7c647e74-85a5-11ef-9ed5-6c5d3a0f8f2f,ppb,74,65,41.74601745605469,0.06058502197265625,35224.0,45.01565933227539,351,1
StandardGSGP,7c647e74-85a5-11ef-9ed5-6c5d3a0f8f2f,ppb,74,66,41.61195373535156,0.060727834701538086,35796.0,44.83534240722656,357,1
StandardGSGP,7c647e74-85a5-11ef-9ed5-6c5d3a0f8f2f,ppb,74,67,41.27275848388672,0.060340166091918945,36388.0,44.50662612915039,363,1
StandardGSGP,7c647e74-85a5-11ef-9ed5-6c5d3a0f8f2f,ppb,74,68,41.184776306152344,0.061476945877075195,36960.0,44.56447982788086,369,1
StandardGSGP,7c647e74-85a5-11ef-9ed5-6c5d3a0f8f2f,ppb,74,69,40.710201263427734,0.06072568893432617,37502.0,44.12557601928711,375,1
StandardGSGP,7c647e74-85a5-11ef-9ed5-6c5d3a0f8f2f,ppb,74,70,40.375614166259766,0.061791419982910156,38116.0,43.72883224487305,383,1
StandardGSGP,7c647e74-85a5-11ef-9ed5-6c5d3a0f8f2f,ppb,74,71,40.278968811035156,0.06002402305603027,38710.0,43.636688232421875,389,1
StandardGSGP,7c647e74-85a5-11ef-9ed5-6c5d3a0f8f2f,ppb,74,72,39.89291763305664,0.06166672706604004,39348.0,43.26494598388672,395,1
StandardGSGP,7c647e74-85a5-11ef-9ed5-6c5d3a0f8f2f,ppb,74,73,39.77593231201172,0.06099867820739746,39926.0,43.16191101074219,401,1
StandardGSGP,7c647e74-85a5-11ef-9ed5-6c5d3a0f8f2f,ppb,74,74,39.521095275878906,0.0612947940826416,40470.0,42.940956115722656,407,1
StandardGSGP,7c647e74-85a5-11ef-9ed5-6c5d3a0f8f2f,ppb,74,75,39.51701354980469,0.06190133094787598,41092.0,42.93761444091797,413,1
StandardGSGP,7c647e74-85a5-11ef-9ed5-6c5d3a0f8f2f,ppb,74,76,39.169898986816406,0.07485628128051758,41714.0,42.55314254760742,419,1
StandardGSGP,7c647e74-85a5-11ef-9ed5-6c5d3a0f8f2f,ppb,74,77,39.03480911254883,0.07474541664123535,42350.0,42.32316207885742,423,1
StandardGSGP,7c647e74-85a5-11ef-9ed5-6c5d3a0f8f2f,ppb,74,78,38.6717529296875,0.09104704856872559,42954.0,42.11921310424805,431,1
StandardGSGP,7c647e74-85a5-11ef-9ed5-6c5d3a0f8f2f,ppb,74,79,38.487369537353516,0.060849666595458984,43560.0,41.928253173828125,437,1
StandardGSGP,7c647e74-85a5-11ef-9ed5-6c5d3a0f8f2f,ppb,74,80,37.931678771972656,0.060013771057128906,44166.0,41.389984130859375,443,1
StandardGSGP,7c647e74-85a5-11ef-9ed5-6c5d3a0f8f2f,ppb,74,81,37.931678771972656,0.06110787391662598,44750.0,41.389984130859375,443,1
StandardGSGP,7c647e74-85a5-11ef-9ed5-6c5d3a0f8f2f,ppb,74,82,37.931678771972656,0.06180214881896973,45280.0,41.389984130859375,443,1
StandardGSGP,7c647e74-85a5-11ef-9ed5-6c5d3a0f8f2f,ppb,74,83,37.60837936401367,0.060570716857910156,45788.0,41.0407829284668,461,1
StandardGSGP,7c647e74-85a5-11ef-9ed5-6c5d3a0f8f2f,ppb,74,84,37.516109466552734,0.0588834285736084,46392.0,40.932525634765625,467,1
StandardGSGP,7c647e74-85a5-11ef-9ed5-6c5d3a0f8f2f,ppb,74,85,37.295169830322266,0.06064653396606445,46906.0,40.7387580871582,467,1
StandardGSGP,7c647e74-85a5-11ef-9ed5-6c5d3a0f8f2f,ppb,74,86,37.295169830322266,0.0613558292388916,47462.0,40.7387580871582,467,1
StandardGSGP,7c647e74-85a5-11ef-9ed5-6c5d3a0f8f2f,ppb,74,87,37.04168701171875,0.060179710388183594,47970.0,40.5279426574707,479,1
StandardGSGP,7c647e74-85a5-11ef-9ed5-6c5d3a0f8f2f,ppb,74,88,36.820457458496094,0.06196093559265137,48450.0,40.25792694091797,485,1
StandardGSGP,7c647e74-85a5-11ef-9ed5-6c5d3a0f8f2f,ppb,74,89,36.81374740600586,0.06084465980529785,48916.0,40.250396728515625,491,1
StandardGSGP,7c647e74-85a5-11ef-9ed5-6c5d3a0f8f2f,ppb,74,90,36.59601974487305,0.06255459785461426,49450.0,40.03914260864258,497,1
StandardGSGP,7c647e74-85a5-11ef-9ed5-6c5d3a0f8f2f,ppb,74,91,36.394290924072266,0.06058526039123535,50102.0,39.84478759765625,503,1
StandardGSGP,7c647e74-85a5-11ef-9ed5-6c5d3a0f8f2f,ppb,74,92,36.258419036865234,0.06102943420410156,50746.0,39.7132453918457,503,1
StandardGSGP,7c647e74-85a5-11ef-9ed5-6c5d3a0f8f2f,ppb,74,93,35.971187591552734,0.06105613708496094,51274.0,39.43468475341797,509,1
StandardGSGP,7c647e74-85a5-11ef-9ed5-6c5d3a0f8f2f,ppb,74,94,35.88404083251953,0.07781028747558594,51890.0,39.35161590576172,509,1
StandardGSGP,7c647e74-85a5-11ef-9ed5-6c5d3a0f8f2f,ppb,74,95,35.84566116333008,0.06098008155822754,52420.0,39.234893798828125,521,1
StandardGSGP,7c647e74-85a5-11ef-9ed5-6c5d3a0f8f2f,ppb,74,96,35.614078521728516,0.06106758117675781,52986.0,39.09074401855469,521,1
StandardGSGP,7c647e74-85a5-11ef-9ed5-6c5d3a0f8f2f,ppb,74,97,35.57982635498047,0.06204819679260254,53444.0,39.04893493652344,521,1
StandardGSGP,7c647e74-85a5-11ef-9ed5-6c5d3a0f8f2f,ppb,74,98,35.27167510986328,0.06089496612548828,53866.0,38.76980972290039,533,1
StandardGSGP,7c647e74-85a5-11ef-9ed5-6c5d3a0f8f2f,ppb,74,99,35.24334716796875,0.060913801193237305,54108.0,38.744956970214844,539,1
StandardGSGP,7c647e74-85a5-11ef-9ed5-6c5d3a0f8f2f,ppb,74,100,35.182193756103516,0.10596942901611328,54544.0,38.67305374145508,545,1
StandardGSGP,02c418f4-85a6-11ef-8861-6c5d3a0f8f2f,ppb,74,0,57.22980880737305,0.15557408332824707,3660.0,60.118648529052734,3,1
StandardGSGP,02c418f4-85a6-11ef-8861-6c5d3a0f8f2f,ppb,74,1,57.012939453125,0.03982973098754883,2076.0,59.90546417236328,9,1
StandardGSGP,02c418f4-85a6-11ef-8861-6c5d3a0f8f2f,ppb,74,2,57.012939453125,0.03941965103149414,1798.0,59.90546417236328,9,1
StandardGSGP,02c418f4-85a6-11ef-8861-6c5d3a0f8f2f,ppb,74,3,56.75133514404297,0.039620161056518555,2074.0,59.644630432128906,21,1
StandardGSGP,02c418f4-85a6-11ef-8861-6c5d3a0f8f2f,ppb,74,4,56.48725509643555,0.040064334869384766,2608.0,59.390560150146484,21,1
StandardGSGP,02c418f4-85a6-11ef-8861-6c5d3a0f8f2f,ppb,74,5,56.288753509521484,0.03966236114501953,3122.0,59.17452621459961,27,1
StandardGSGP,02c418f4-85a6-11ef-8861-6c5d3a0f8f2f,ppb,74,6,56.058536529541016,0.04119253158569336,3600.0,58.912967681884766,33,1
StandardGSGP,02c418f4-85a6-11ef-8861-6c5d3a0f8f2f,ppb,74,7,55.885772705078125,0.04045724868774414,4012.0,58.81144714355469,33,1
StandardGSGP,02c418f4-85a6-11ef-8861-6c5d3a0f8f2f,ppb,74,8,55.770748138427734,0.039571285247802734,4432.0,58.66761779785156,33,1
StandardGSGP,02c418f4-85a6-11ef-8861-6c5d3a0f8f2f,ppb,74,9,55.57097244262695,0.039566993713378906,4766.0,58.50251388549805,39,1
StandardGSGP,02c418f4-85a6-11ef-8861-6c5d3a0f8f2f,ppb,74,10,55.018524169921875,0.04056859016418457,5300.0,57.95931625366211,45,1
StandardGSGP,031e2d7d-85a6-11ef-9ed5-6c5d3a0f8f2f,ppb,74,0,57.22980880737305,1.5210425853729248,3660.0,60.118648529052734,3,1
StandardGSGP,031e2d7d-85a6-11ef-9ed5-6c5d3a0f8f2f,ppb,74,1,57.012939453125,0.06149554252624512,2082.0,59.90546417236328,9,1
StandardGSGP,031e2d7d-85a6-11ef-9ed5-6c5d3a0f8f2f,ppb,74,2,57.012939453125,0.06207776069641113,2026.0,59.90546417236328,9,1
StandardGSGP,031e2d7d-85a6-11ef-9ed5-6c5d3a0f8f2f,ppb,74,3,56.786285400390625,0.061929941177368164,2312.0,59.68736267089844,15,1
StandardGSGP,031e2d7d-85a6-11ef-9ed5-6c5d3a0f8f2f,ppb,74,4,56.68245315551758,0.06196117401123047,2782.0,59.5860481262207,21,1
StandardGSGP,031e2d7d-85a6-11ef-9ed5-6c5d3a0f8f2f,ppb,74,5,56.06733322143555,0.06055498123168945,3156.0,58.988372802734375,27,1
StandardGSGP,031e2d7d-85a6-11ef-9ed5-6c5d3a0f8f2f,ppb,74,6,55.86701583862305,0.06038689613342285,3624.0,58.76530075073242,33,1
StandardGSGP,031e2d7d-85a6-11ef-9ed5-6c5d3a0f8f2f,ppb,74,7,55.502357482910156,0.06087660789489746,4048.0,58.42348098754883,39,1
StandardGSGP,031e2d7d-85a6-11ef-9ed5-6c5d3a0f8f2f,ppb,74,8,55.239234924316406,0.06125283241271973,4502.0,58.152992248535156,45,1
StandardGSGP,031e2d7d-85a6-11ef-9ed5-6c5d3a0f8f2f,ppb,74,9,54.80342102050781,0.06095409393310547,5014.0,57.7288932800293,51,1
StandardGSGP,031e2d7d-85a6-11ef-9ed5-6c5d3a0f8f2f,ppb,74,10,54.708988189697266,0.07692360877990723,5528.0,57.5573844909668,59,1
StandardGSGP,031e2d7d-85a6-11ef-9ed5-6c5d3a0f8f2f,ppb,74,11,54.45937728881836,0.0611422061920166,6074.0,57.40095520019531,57,1
StandardGSGP,031e2d7d-85a6-11ef-9ed5-6c5d3a0f8f2f,ppb,74,12,54.04957580566406,0.06125307083129883,6680.0,57.00214767456055,63,1
StandardGSGP,031e2d7d-85a6-11ef-9ed5-6c5d3a0f8f2f,ppb,74,13,53.95264434814453,0.061444997787475586,7222.0,56.907344818115234,69,1
StandardGSGP,031e2d7d-85a6-11ef-9ed5-6c5d3a0f8f2f,ppb,74,14,53.757911682128906,0.06116652488708496,7816.0,56.608394622802734,77,1
StandardGSGP,031e2d7d-85a6-11ef-9ed5-6c5d3a0f8f2f,ppb,74,15,53.464454650878906,0.06144094467163086,8418.0,56.4351806640625,81,1
StandardGSGP,031e2d7d-85a6-11ef-9ed5-6c5d3a0f8f2f,ppb,74,16,53.203575134277344,0.08276200294494629,9014.0,56.09865188598633,89,1
StandardGSGP,031e2d7d-85a6-11ef-9ed5-6c5d3a0f8f2f,ppb,74,17,52.99372482299805,0.060648441314697266,9604.0,55.973045349121094,87,1
StandardGSGP,031e2d7d-85a6-11ef-9ed5-6c5d3a0f8f2f,ppb,74,18,52.64656448364258,0.06208515167236328,9998.0,55.64015197753906,93,1
StandardGSGP,031e2d7d-85a6-11ef-9ed5-6c5d3a0f8f2f,ppb,74,19,52.23220443725586,0.06088852882385254,10558.0,55.196266174316406,105,1
StandardGSGP,031e2d7d-85a6-11ef-9ed5-6c5d3a0f8f2f,ppb,74,20,52.23220443725586,0.061522483825683594,11122.0,55.196266174316406,105,1
StandardGSGP,031e2d7d-85a6-11ef-9ed5-6c5d3a0f8f2f,ppb,74,21,51.720455169677734,0.10769867897033691,11442.0,54.735504150390625,111,1
StandardGSGP,031e2d7d-85a6-11ef-9ed5-6c5d3a0f8f2f,ppb,74,22,51.681514739990234,0.06059551239013672,11988.0,54.639339447021484,111,1
StandardGSGP,031e2d7d-85a6-11ef-9ed5-6c5d3a0f8f2f,ppb,74,23,51.171905517578125,0.06038355827331543,12476.0,54.10962677001953,123,1
StandardGSGP,031e2d7d-85a6-11ef-9ed5-6c5d3a0f8f2f,ppb,74,24,50.80158233642578,0.06102180480957031,13064.0,53.749305725097656,129,1
StandardGSGP,031e2d7d-85a6-11ef-9ed5-6c5d3a0f8f2f,ppb,74,25,50.65827560424805,0.06109333038330078,13532.0,53.613182067871094,135,1
StandardGSGP,031e2d7d-85a6-11ef-9ed5-6c5d3a0f8f2f,ppb,74,26,50.47456359863281,0.061872005462646484,14120.0,53.44011688232422,141,1
StandardGSGP,031e2d7d-85a6-11ef-9ed5-6c5d3a0f8f2f,ppb,74,27,50.21392822265625,0.06154203414916992,14712.0,53.173187255859375,141,1
StandardGSGP,031e2d7d-85a6-11ef-9ed5-6c5d3a0f8f2f,ppb,74,28,49.91693115234375,0.061179399490356445,15236.0,52.9034423828125,147,1
StandardGSGP,031e2d7d-85a6-11ef-9ed5-6c5d3a0f8f2f,ppb,74,29,49.60463333129883,0.06026744842529297,15722.0,52.610923767089844,153,1
StandardGSGP,031e2d7d-85a6-11ef-9ed5-6c5d3a0f8f2f,ppb,74,30,49.60463333129883,0.061997413635253906,16234.0,52.610923767089844,153,1
StandardGSGP,031e2d7d-85a6-11ef-9ed5-6c5d3a0f8f2f,ppb,74,31,49.24468231201172,0.060024261474609375,16722.0,52.133792877197266,171,1
StandardGSGP,031e2d7d-85a6-11ef-9ed5-6c5d3a0f8f2f,ppb,74,32,49.088157653808594,0.09005212783813477,17276.0,52.09893035888672,173,1
StandardGSGP,031e2d7d-85a6-11ef-9ed5-6c5d3a0f8f2f,ppb,74,33,48.626312255859375,0.05992460250854492,17844.0,51.611820220947266,179,1
StandardGSGP,031e2d7d-85a6-11ef-9ed5-6c5d3a0f8f2f,ppb,74,34,48.32319259643555,0.06296992301940918,18388.0,51.354400634765625,185,1
StandardGSGP,031e2d7d-85a6-11ef-9ed5-6c5d3a0f8f2f,ppb,74,35,48.25191116333008,0.06103253364562988,19008.0,51.2850456237793,191,1
StandardGSGP,031e2d7d-85a6-11ef-9ed5-6c5d3a0f8f2f,ppb,74,36,47.85993957519531,0.059915781021118164,19602.0,50.85173416137695,197,1
StandardGSGP,031e2d7d-85a6-11ef-9ed5-6c5d3a0f8f2f,ppb,74,37,47.84556579589844,0.061748504638671875,20224.0,50.8251838684082,203,1
StandardGSGP,031e2d7d-85a6-11ef-9ed5-6c5d3a0f8f2f,ppb,74,38,47.586097717285156,0.06076622009277344,20812.0,50.59280014038086,209,1
StandardGSGP,031e2d7d-85a6-11ef-9ed5-6c5d3a0f8f2f,ppb,74,39,47.25890350341797,0.060606956481933594,21400.0,50.32367706298828,215,1
StandardGSGP,031e2d7d-85a6-11ef-9ed5-6c5d3a0f8f2f,ppb,74,40,47.03638458251953,0.0619659423828125,21986.0,50.108097076416016,221,1
StandardGSGP,031e2d7d-85a6-11ef-9ed5-6c5d3a0f8f2f,ppb,74,41,46.71218490600586,0.060659170150756836,22564.0,49.78773880004883,227,1
StandardGSGP,031e2d7d-85a6-11ef-9ed5-6c5d3a0f8f2f,ppb,74,42,46.60313415527344,0.060324668884277344,23054.0,49.680877685546875,227,1
StandardGSGP,031e2d7d-85a6-11ef-9ed5-6c5d3a0f8f2f,ppb,74,43,46.380126953125,0.059678077697753906,23568.0,49.45696258544922,233,1
StandardGSGP,031e2d7d-85a6-11ef-9ed5-6c5d3a0f8f2f,ppb,74,44,46.00304412841797,0.061604976654052734,24190.0,49.12127685546875,239,1
StandardGSGP,031e2d7d-85a6-11ef-9ed5-6c5d3a0f8f2f,ppb,74,45,45.6506233215332,0.0608975887298584,24862.0,48.81443405151367,245,1
StandardGSGP,031e2d7d-85a6-11ef-9ed5-6c5d3a0f8f2f,ppb,74,46,45.484317779541016,0.07675886154174805,25454.0,48.59320068359375,251,1
StandardGSGP,031e2d7d-85a6-11ef-9ed5-6c5d3a0f8f2f,ppb,74,47,45.112876892089844,0.05965232849121094,25950.0,48.22624588012695,257,1
StandardGSGP,031e2d7d-85a6-11ef-9ed5-6c5d3a0f8f2f,ppb,74,48,45.02398681640625,0.09299087524414062,26542.0,48.13930130004883,263,1
StandardGSGP,031e2d7d-85a6-11ef-9ed5-6c5d3a0f8f2f,ppb,74,49,44.79058837890625,0.06106829643249512,26978.0,47.954742431640625,265,1
StandardGSGP,031e2d7d-85a6-11ef-9ed5-6c5d3a0f8f2f,ppb,74,50,44.604679107666016,0.0597224235534668,27376.0,47.76033401489258,269,1
StandardGSGP,031e2d7d-85a6-11ef-9ed5-6c5d3a0f8f2f,ppb,74,51,44.416873931884766,0.06007838249206543,27774.0,47.58091735839844,271,1
StandardGSGP,031e2d7d-85a6-11ef-9ed5-6c5d3a0f8f2f,ppb,74,52,44.00922775268555,0.06061601638793945,28188.0,47.195064544677734,277,1
StandardGSGP,031e2d7d-85a6-11ef-9ed5-6c5d3a0f8f2f,ppb,74,53,43.76421356201172,0.06124734878540039,28642.0,46.94025802612305,283,1
StandardGSGP,031e2d7d-85a6-11ef-9ed5-6c5d3a0f8f2f,ppb,74,54,43.72767639160156,0.06040668487548828,29134.0,46.91912078857422,289,1
StandardGSGP,031e2d7d-85a6-11ef-9ed5-6c5d3a0f8f2f,ppb,74,55,43.63923263549805,0.0617678165435791,29624.0,46.83361053466797,295,1
StandardGSGP,031e2d7d-85a6-11ef-9ed5-6c5d3a0f8f2f,ppb,74,56,43.365257263183594,0.060353994369506836,30086.0,46.56623458862305,301,1
StandardGSGP,031e2d7d-85a6-11ef-9ed5-6c5d3a0f8f2f,ppb,74,57,43.18871307373047,0.06018495559692383,30632.0,46.39429473876953,307,1
StandardGSGP,031e2d7d-85a6-11ef-9ed5-6c5d3a0f8f2f,ppb,74,58,43.041465759277344,0.1071004867553711,31110.0,46.233333587646484,313,1
StandardGSGP,031e2d7d-85a6-11ef-9ed5-6c5d3a0f8f2f,ppb,74,59,43.01609420776367,0.059847116470336914,31710.0,46.28892135620117,319,1
StandardGSGP,031e2d7d-85a6-11ef-9ed5-6c5d3a0f8f2f,ppb,74,60,42.70363235473633,0.059990644454956055,32328.0,45.95460510253906,319,1
StandardGSGP,031e2d7d-85a6-11ef-9ed5-6c5d3a0f8f2f,ppb,74,61,42.37826919555664,0.0596461296081543,32978.0,45.67249298095703,327,1
StandardGSGP,031e2d7d-85a6-11ef-9ed5-6c5d3a0f8f2f,ppb,74,62,42.14537811279297,0.06069326400756836,33498.0,45.411460876464844,339,1
StandardGSGP,031e2d7d-85a6-11ef-9ed5-6c5d3a0f8f2f,ppb,74,63,42.11602020263672,0.06066298484802246,34086.0,45.38016128540039,345,1
StandardGSGP,031e2d7d-85a6-11ef-9ed5-6c5d3a0f8f2f,ppb,74,64,41.988914489746094,0.09298968315124512,34684.0,45.29074478149414,345,1
StandardGSGP,031e2d7d-85a6-11ef-9ed5-6c5d3a0f8f2f,ppb,74,65,41.74601745605469,0.05890226364135742,35224.0,45.01565933227539,351,1
StandardGSGP,031e2d7d-85a6-11ef-9ed5-6c5d3a0f8f2f,ppb,74,66,41.61195373535156,0.061148643493652344,35796.0,44.83534240722656,357,1
StandardGSGP,031e2d7d-85a6-11ef-9ed5-6c5d3a0f8f2f,ppb,74,67,41.27275848388672,0.060707807540893555,36388.0,44.50662612915039,363,1
StandardGSGP,031e2d7d-85a6-11ef-9ed5-6c5d3a0f8f2f,ppb,74,68,41.184776306152344,0.06300711631774902,36960.0,44.56447982788086,369,1
StandardGSGP,031e2d7d-85a6-11ef-9ed5-6c5d3a0f8f2f,ppb,74,69,40.710201263427734,0.06221294403076172,37502.0,44.12557601928711,375,1
StandardGSGP,031e2d7d-85a6-11ef-9ed5-6c5d3a0f8f2f,ppb,74,70,40.375614166259766,0.06050443649291992,38116.0,43.72883224487305,383,1
StandardGSGP,031e2d7d-85a6-11ef-9ed5-6c5d3a0f8f2f,ppb,74,71,40.278968811035156,0.060460805892944336,38710.0,43.636688232421875,389,1
StandardGSGP,031e2d7d-85a6-11ef-9ed5-6c5d3a0f8f2f,ppb,74,72,39.89291763305664,0.07580924034118652,39348.0,43.26494598388672,395,1
StandardGSGP,031e2d7d-85a6-11ef-9ed5-6c5d3a0f8f2f,ppb,74,73,39.77593231201172,0.0612945556640625,39926.0,43.16191101074219,401,1
StandardGSGP,031e2d7d-85a6-11ef-9ed5-6c5d3a0f8f2f,ppb,74,74,39.521095275878906,0.06093287467956543,40470.0,42.940956115722656,407,1
StandardGSGP,031e2d7d-85a6-11ef-9ed5-6c5d3a0f8f2f,ppb,74,75,39.51701354980469,0.05962944030761719,41092.0,42.93761444091797,413,1
StandardGSGP,031e2d7d-85a6-11ef-9ed5-6c5d3a0f8f2f,ppb,74,76,39.169898986816406,0.06047797203063965,41714.0,42.55314254760742,419,1
StandardGSGP,031e2d7d-85a6-11ef-9ed5-6c5d3a0f8f2f,ppb,74,77,39.03480911254883,0.05994558334350586,42350.0,42.32316207885742,423,1
StandardGSGP,031e2d7d-85a6-11ef-9ed5-6c5d3a0f8f2f,ppb,74,78,38.6717529296875,0.0616912841796875,42954.0,42.11921310424805,431,1
StandardGSGP,031e2d7d-85a6-11ef-9ed5-6c5d3a0f8f2f,ppb,74,79,38.487369537353516,0.06023693084716797,43560.0,41.928253173828125,437,1
StandardGSGP,031e2d7d-85a6-11ef-9ed5-6c5d3a0f8f2f,ppb,74,80,37.931678771972656,0.09107232093811035,44166.0,41.389984130859375,443,1
StandardGSGP,031e2d7d-85a6-11ef-9ed5-6c5d3a0f8f2f,ppb,74,81,37.931678771972656,0.061321258544921875,44750.0,41.389984130859375,443,1
StandardGSGP,031e2d7d-85a6-11ef-9ed5-6c5d3a0f8f2f,ppb,74,82,37.931678771972656,0.06157398223876953,45280.0,41.389984130859375,443,1
StandardGSGP,031e2d7d-85a6-11ef-9ed5-6c5d3a0f8f2f,ppb,74,83,37.60837936401367,0.06169867515563965,45788.0,41.0407829284668,461,1
StandardGSGP,031e2d7d-85a6-11ef-9ed5-6c5d3a0f8f2f,ppb,74,84,37.516109466552734,0.06041312217712402,46392.0,40.932525634765625,467,1
StandardGSGP,031e2d7d-85a6-11ef-9ed5-6c5d3a0f8f2f,ppb,74,85,37.295169830322266,0.060477256774902344,46906.0,40.7387580871582,467,1
StandardGSGP,031e2d7d-85a6-11ef-9ed5-6c5d3a0f8f2f,ppb,74,86,37.295169830322266,0.06041216850280762,47462.0,40.7387580871582,467,1
StandardGSGP,031e2d7d-85a6-11ef-9ed5-6c5d3a0f8f2f,ppb,74,87,37.04168701171875,0.05994606018066406,47970.0,40.5279426574707,479,1
StandardGSGP,031e2d7d-85a6-11ef-9ed5-6c5d3a0f8f2f,ppb,74,88,36.820457458496094,0.06261682510375977,48450.0,40.25792694091797,485,1
StandardGSGP,031e2d7d-85a6-11ef-9ed5-6c5d3a0f8f2f,ppb,74,89,36.81374740600586,0.061016082763671875,48916.0,40.250396728515625,491,1
StandardGSGP,031e2d7d-85a6-11ef-9ed5-6c5d3a0f8f2f,ppb,74,90,36.59601974487305,0.06234860420227051,49450.0,40.03914260864258,497,1
StandardGSGP,031e2d7d-85a6-11ef-9ed5-6c5d3a0f8f2f,ppb,74,91,36.394290924072266,0.06052207946777344,50102.0,39.84478759765625,503,1
StandardGSGP,031e2d7d-85a6-11ef-9ed5-6c5d3a0f8f2f,ppb,74,92,36.258419036865234,0.05864214897155762,50746.0,39.7132453918457,503,1
StandardGSGP,031e2d7d-85a6-11ef-9ed5-6c5d3a0f8f2f,ppb,74,93,35.971187591552734,0.06147360801696777,51274.0,39.43468475341797,509,1
StandardGSGP,031e2d7d-85a6-11ef-9ed5-6c5d3a0f8f2f,ppb,74,94,35.88404083251953,0.06010150909423828,51890.0,39.35161590576172,509,1
StandardGSGP,031e2d7d-85a6-11ef-9ed5-6c5d3a0f8f2f,ppb,74,95,35.84566116333008,0.06085991859436035,52420.0,39.234893798828125,521,1
StandardGSGP,031e2d7d-85a6-11ef-9ed5-6c5d3a0f8f2f,ppb,74,96,35.614078521728516,0.09148263931274414,52986.0,39.09074401855469,521,1
StandardGSGP,031e2d7d-85a6-11ef-9ed5-6c5d3a0f8f2f,ppb,74,97,35.57982635498047,0.06006217002868652,53444.0,39.04893493652344,521,1
StandardGSGP,031e2d7d-85a6-11ef-9ed5-6c5d3a0f8f2f,ppb,74,98,35.27167510986328,0.061472177505493164,53866.0,38.76980972290039,533,1
StandardGSGP,031e2d7d-85a6-11ef-9ed5-6c5d3a0f8f2f,ppb,74,99,35.24334716796875,0.060693979263305664,54108.0,38.744956970214844,539,1
StandardGSGP,031e2d7d-85a6-11ef-9ed5-6c5d3a0f8f2f,ppb,74,100,35.182193756103516,0.10804295539855957,54544.0,38.67305374145508,545,1
StandardGSGP,2da3227d-85a6-11ef-8861-6c5d3a0f8f2f,ppb,74,0,57.22980880737305,0.15548205375671387,3660.0,60.118648529052734,3,1
StandardGSGP,2da3227d-85a6-11ef-8861-6c5d3a0f8f2f,ppb,74,1,57.012939453125,0.040050506591796875,2076.0,59.90546417236328,9,1
StandardGSGP,2da3227d-85a6-11ef-8861-6c5d3a0f8f2f,ppb,74,2,57.012939453125,0.042101383209228516,1798.0,59.90546417236328,9,1
StandardGSGP,2da3227d-85a6-11ef-8861-6c5d3a0f8f2f,ppb,74,3,56.75133514404297,0.04207301139831543,2074.0,59.644630432128906,21,1
StandardGSGP,2da3227d-85a6-11ef-8861-6c5d3a0f8f2f,ppb,74,4,56.48725509643555,0.03906893730163574,2608.0,59.390560150146484,21,1
StandardGSGP,2da3227d-85a6-11ef-8861-6c5d3a0f8f2f,ppb,74,5,56.288753509521484,0.038564205169677734,3122.0,59.17452621459961,27,1
StandardGSGP,2da3227d-85a6-11ef-8861-6c5d3a0f8f2f,ppb,74,6,56.058536529541016,0.04156017303466797,3600.0,58.912967681884766,33,1
StandardGSGP,2da3227d-85a6-11ef-8861-6c5d3a0f8f2f,ppb,74,7,55.885772705078125,0.04098224639892578,4012.0,58.81144714355469,33,1
StandardGSGP,2da3227d-85a6-11ef-8861-6c5d3a0f8f2f,ppb,74,8,55.770748138427734,0.04006767272949219,4432.0,58.66761779785156,33,1
StandardGSGP,2da3227d-85a6-11ef-8861-6c5d3a0f8f2f,ppb,74,9,55.57097244262695,0.04007077217102051,4766.0,58.50251388549805,39,1
StandardGSGP,2da3227d-85a6-11ef-8861-6c5d3a0f8f2f,ppb,74,10,55.018524169921875,0.04057002067565918,5300.0,57.95931625366211,45,1
StandardGSGP,2dfde018-85a6-11ef-9ed5-6c5d3a0f8f2f,ppb,74,0,57.22980880737305,1.536789894104004,3660.0,60.118648529052734,3,1
StandardGSGP,2dfde018-85a6-11ef-9ed5-6c5d3a0f8f2f,ppb,74,1,57.012939453125,0.06158804893493652,2082.0,59.90546417236328,9,1
StandardGSGP,2dfde018-85a6-11ef-9ed5-6c5d3a0f8f2f,ppb,74,2,57.012939453125,0.06278300285339355,2026.0,59.90546417236328,9,1
StandardGSGP,2dfde018-85a6-11ef-9ed5-6c5d3a0f8f2f,ppb,74,3,56.786285400390625,0.06177210807800293,2312.0,59.68736267089844,15,1
StandardGSGP,2dfde018-85a6-11ef-9ed5-6c5d3a0f8f2f,ppb,74,4,56.68245315551758,0.06020474433898926,2782.0,59.5860481262207,21,1
StandardGSGP,2dfde018-85a6-11ef-9ed5-6c5d3a0f8f2f,ppb,74,5,56.06733322143555,0.060506343841552734,3156.0,58.988372802734375,27,1
StandardGSGP,2dfde018-85a6-11ef-9ed5-6c5d3a0f8f2f,ppb,74,6,55.86701583862305,0.06261157989501953,3624.0,58.76530075073242,33,1
StandardGSGP,2dfde018-85a6-11ef-9ed5-6c5d3a0f8f2f,ppb,74,7,55.502357482910156,0.0608973503112793,4048.0,58.42348098754883,39,1
StandardGSGP,2dfde018-85a6-11ef-9ed5-6c5d3a0f8f2f,ppb,74,8,55.239234924316406,0.05900073051452637,4502.0,58.152992248535156,45,1
StandardGSGP,2dfde018-85a6-11ef-9ed5-6c5d3a0f8f2f,ppb,74,9,54.80342102050781,0.06157350540161133,5014.0,57.7288932800293,51,1
StandardGSGP,2dfde018-85a6-11ef-9ed5-6c5d3a0f8f2f,ppb,74,10,54.708988189697266,0.05996203422546387,5528.0,57.5573844909668,59,1
StandardGSGP,2dfde018-85a6-11ef-9ed5-6c5d3a0f8f2f,ppb,74,11,54.45937728881836,0.06152629852294922,6074.0,57.40095520019531,57,1
StandardGSGP,2dfde018-85a6-11ef-9ed5-6c5d3a0f8f2f,ppb,74,12,54.04957580566406,0.06067371368408203,6680.0,57.00214767456055,63,1
StandardGSGP,2dfde018-85a6-11ef-9ed5-6c5d3a0f8f2f,ppb,74,13,53.95264434814453,0.060288190841674805,7222.0,56.907344818115234,69,1
StandardGSGP,2dfde018-85a6-11ef-9ed5-6c5d3a0f8f2f,ppb,74,14,53.757911682128906,0.06298971176147461,7816.0,56.608394622802734,77,1
StandardGSGP,2dfde018-85a6-11ef-9ed5-6c5d3a0f8f2f,ppb,74,15,53.464454650878906,0.0605623722076416,8418.0,56.4351806640625,81,1
StandardGSGP,2dfde018-85a6-11ef-9ed5-6c5d3a0f8f2f,ppb,74,16,53.203575134277344,0.07758426666259766,9014.0,56.09865188598633,89,1
StandardGSGP,2dfde018-85a6-11ef-9ed5-6c5d3a0f8f2f,ppb,74,17,52.99372482299805,0.06257271766662598,9604.0,55.973045349121094,87,1
StandardGSGP,2dfde018-85a6-11ef-9ed5-6c5d3a0f8f2f,ppb,74,18,52.64656448364258,0.06172657012939453,9998.0,55.64015197753906,93,1
StandardGSGP,2dfde018-85a6-11ef-9ed5-6c5d3a0f8f2f,ppb,74,19,52.23220443725586,0.06157517433166504,10558.0,55.196266174316406,105,1
StandardGSGP,2dfde018-85a6-11ef-9ed5-6c5d3a0f8f2f,ppb,74,20,52.23220443725586,0.061498403549194336,11122.0,55.196266174316406,105,1
StandardGSGP,2dfde018-85a6-11ef-9ed5-6c5d3a0f8f2f,ppb,74,21,51.720455169677734,0.11681413650512695,11442.0,54.735504150390625,111,1
StandardGSGP,2dfde018-85a6-11ef-9ed5-6c5d3a0f8f2f,ppb,74,22,51.681514739990234,0.06223130226135254,11988.0,54.639339447021484,111,1
StandardGSGP,2dfde018-85a6-11ef-9ed5-6c5d3a0f8f2f,ppb,74,23,51.171905517578125,0.06045269966125488,12476.0,54.10962677001953,123,1
StandardGSGP,2dfde018-85a6-11ef-9ed5-6c5d3a0f8f2f,ppb,74,24,50.80158233642578,0.06157660484313965,13064.0,53.749305725097656,129,1
StandardGSGP,2dfde018-85a6-11ef-9ed5-6c5d3a0f8f2f,ppb,74,25,50.65827560424805,0.06111574172973633,13532.0,53.613182067871094,135,1
StandardGSGP,2dfde018-85a6-11ef-9ed5-6c5d3a0f8f2f,ppb,74,26,50.47456359863281,0.06093716621398926,14120.0,53.44011688232422,141,1
StandardGSGP,2dfde018-85a6-11ef-9ed5-6c5d3a0f8f2f,ppb,74,27,50.21392822265625,0.06177663803100586,14712.0,53.173187255859375,141,1
StandardGSGP,2dfde018-85a6-11ef-9ed5-6c5d3a0f8f2f,ppb,74,28,49.91693115234375,0.060454607009887695,15236.0,52.9034423828125,147,1
StandardGSGP,2dfde018-85a6-11ef-9ed5-6c5d3a0f8f2f,ppb,74,29,49.60463333129883,0.05984234809875488,15722.0,52.610923767089844,153,1
StandardGSGP,2dfde018-85a6-11ef-9ed5-6c5d3a0f8f2f,ppb,74,30,49.60463333129883,0.06098437309265137,16234.0,52.610923767089844,153,1
StandardGSGP,2dfde018-85a6-11ef-9ed5-6c5d3a0f8f2f,ppb,74,31,49.24468231201172,0.07720136642456055,16722.0,52.133792877197266,171,1
StandardGSGP,2dfde018-85a6-11ef-9ed5-6c5d3a0f8f2f,ppb,74,32,49.088157653808594,0.05991172790527344,17276.0,52.09893035888672,173,1
StandardGSGP,2dfde018-85a6-11ef-9ed5-6c5d3a0f8f2f,ppb,74,33,48.626312255859375,0.06195998191833496,17844.0,51.611820220947266,179,1
StandardGSGP,2dfde018-85a6-11ef-9ed5-6c5d3a0f8f2f,ppb,74,34,48.32319259643555,0.06093764305114746,18388.0,51.354400634765625,185,1
StandardGSGP,2dfde018-85a6-11ef-9ed5-6c5d3a0f8f2f,ppb,74,35,48.25191116333008,0.06056523323059082,19008.0,51.2850456237793,191,1
StandardGSGP,2dfde018-85a6-11ef-9ed5-6c5d3a0f8f2f,ppb,74,36,47.85993957519531,0.07750940322875977,19602.0,50.85173416137695,197,1
StandardGSGP,2dfde018-85a6-11ef-9ed5-6c5d3a0f8f2f,ppb,74,37,47.84556579589844,0.059632301330566406,20224.0,50.8251838684082,203,1
StandardGSGP,2dfde018-85a6-11ef-9ed5-6c5d3a0f8f2f,ppb,74,38,47.586097717285156,0.06034040451049805,20812.0,50.59280014038086,209,1
StandardGSGP,2dfde018-85a6-11ef-9ed5-6c5d3a0f8f2f,ppb,74,39,47.25890350341797,0.06197071075439453,21400.0,50.32367706298828,215,1
StandardGSGP,2dfde018-85a6-11ef-9ed5-6c5d3a0f8f2f,ppb,74,40,47.03638458251953,0.06221914291381836,21986.0,50.108097076416016,221,1
StandardGSGP,2dfde018-85a6-11ef-9ed5-6c5d3a0f8f2f,ppb,74,41,46.71218490600586,0.061248779296875,22564.0,49.78773880004883,227,1
StandardGSGP,2dfde018-85a6-11ef-9ed5-6c5d3a0f8f2f,ppb,74,42,46.60313415527344,0.059943199157714844,23054.0,49.680877685546875,227,1
StandardGSGP,2dfde018-85a6-11ef-9ed5-6c5d3a0f8f2f,ppb,74,43,46.380126953125,0.06073951721191406,23568.0,49.45696258544922,233,1
StandardGSGP,2dfde018-85a6-11ef-9ed5-6c5d3a0f8f2f,ppb,74,44,46.00304412841797,0.060366153717041016,24190.0,49.12127685546875,239,1
StandardGSGP,2dfde018-85a6-11ef-9ed5-6c5d3a0f8f2f,ppb,74,45,45.6506233215332,0.06339550018310547,24862.0,48.81443405151367,245,1
StandardGSGP,2dfde018-85a6-11ef-9ed5-6c5d3a0f8f2f,ppb,74,46,45.484317779541016,0.06217813491821289,25454.0,48.59320068359375,251,1
StandardGSGP,2dfde018-85a6-11ef-9ed5-6c5d3a0f8f2f,ppb,74,47,45.112876892089844,0.07741689682006836,25950.0,48.22624588012695,257,1
StandardGSGP,2dfde018-85a6-11ef-9ed5-6c5d3a0f8f2f,ppb,74,48,45.02398681640625,0.06197857856750488,26542.0,48.13930130004883,263,1
StandardGSGP,2dfde018-85a6-11ef-9ed5-6c5d3a0f8f2f,ppb,74,49,44.79058837890625,0.06036233901977539,26978.0,47.954742431640625,265,1
StandardGSGP,2dfde018-85a6-11ef-9ed5-6c5d3a0f8f2f,ppb,74,50,44.604679107666016,0.060986995697021484,27376.0,47.76033401489258,269,1
StandardGSGP,2dfde018-85a6-11ef-9ed5-6c5d3a0f8f2f,ppb,74,51,44.416873931884766,0.06056928634643555,27774.0,47.58091735839844,271,1
StandardGSGP,2dfde018-85a6-11ef-9ed5-6c5d3a0f8f2f,ppb,74,52,44.00922775268555,0.06005048751831055,28188.0,47.195064544677734,277,1
StandardGSGP,2dfde018-85a6-11ef-9ed5-6c5d3a0f8f2f,ppb,74,53,43.76421356201172,0.06045389175415039,28642.0,46.94025802612305,283,1
StandardGSGP,2dfde018-85a6-11ef-9ed5-6c5d3a0f8f2f,ppb,74,54,43.72767639160156,0.061667442321777344,29134.0,46.91912078857422,289,1
StandardGSGP,2dfde018-85a6-11ef-9ed5-6c5d3a0f8f2f,ppb,74,55,43.63923263549805,0.06098341941833496,29624.0,46.83361053466797,295,1
StandardGSGP,2dfde018-85a6-11ef-9ed5-6c5d3a0f8f2f,ppb,74,56,43.365257263183594,0.06218290328979492,30086.0,46.56623458862305,301,1
StandardGSGP,2dfde018-85a6-11ef-9ed5-6c5d3a0f8f2f,ppb,74,57,43.18871307373047,0.061186790466308594,30632.0,46.39429473876953,307,1
StandardGSGP,2dfde018-85a6-11ef-9ed5-6c5d3a0f8f2f,ppb,74,58,43.041465759277344,0.10690760612487793,31110.0,46.233333587646484,313,1
StandardGSGP,2dfde018-85a6-11ef-9ed5-6c5d3a0f8f2f,ppb,74,59,43.01609420776367,0.06077170372009277,31710.0,46.28892135620117,319,1
StandardGSGP,2dfde018-85a6-11ef-9ed5-6c5d3a0f8f2f,ppb,74,60,42.70363235473633,0.06212472915649414,32328.0,45.95460510253906,319,1
StandardGSGP,2dfde018-85a6-11ef-9ed5-6c5d3a0f8f2f,ppb,74,61,42.37826919555664,0.06111407279968262,32978.0,45.67249298095703,327,1
StandardGSGP,2dfde018-85a6-11ef-9ed5-6c5d3a0f8f2f,ppb,74,62,42.14537811279297,0.06184029579162598,33498.0,45.411460876464844,339,1
StandardGSGP,2dfde018-85a6-11ef-9ed5-6c5d3a0f8f2f,ppb,74,63,42.11602020263672,0.09250235557556152,34086.0,45.38016128540039,345,1
StandardGSGP,2dfde018-85a6-11ef-9ed5-6c5d3a0f8f2f,ppb,74,64,41.988914489746094,0.06113791465759277,34684.0,45.29074478149414,345,1
StandardGSGP,2dfde018-85a6-11ef-9ed5-6c5d3a0f8f2f,ppb,74,65,41.74601745605469,0.061454057693481445,35224.0,45.01565933227539,351,1
StandardGSGP,2dfde018-85a6-11ef-9ed5-6c5d3a0f8f2f,ppb,74,66,41.61195373535156,0.06067395210266113,35796.0,44.83534240722656,357,1
StandardGSGP,2dfde018-85a6-11ef-9ed5-6c5d3a0f8f2f,ppb,74,67,41.27275848388672,0.06136465072631836,36388.0,44.50662612915039,363,1
StandardGSGP,2dfde018-85a6-11ef-9ed5-6c5d3a0f8f2f,ppb,74,68,41.184776306152344,0.06094789505004883,36960.0,44.56447982788086,369,1
StandardGSGP,2dfde018-85a6-11ef-9ed5-6c5d3a0f8f2f,ppb,74,69,40.710201263427734,0.06100153923034668,37502.0,44.12557601928711,375,1
StandardGSGP,2dfde018-85a6-11ef-9ed5-6c5d3a0f8f2f,ppb,74,70,40.375614166259766,0.060091495513916016,38116.0,43.72883224487305,383,1
StandardGSGP,2dfde018-85a6-11ef-9ed5-6c5d3a0f8f2f,ppb,74,71,40.278968811035156,0.06179952621459961,38710.0,43.636688232421875,389,1
StandardGSGP,2dfde018-85a6-11ef-9ed5-6c5d3a0f8f2f,ppb,74,72,39.89291763305664,0.0624542236328125,39348.0,43.26494598388672,395,1
StandardGSGP,2dfde018-85a6-11ef-9ed5-6c5d3a0f8f2f,ppb,74,73,39.77593231201172,0.06130504608154297,39926.0,43.16191101074219,401,1
StandardGSGP,2dfde018-85a6-11ef-9ed5-6c5d3a0f8f2f,ppb,74,74,39.521095275878906,0.0615997314453125,40470.0,42.940956115722656,407,1
StandardGSGP,2dfde018-85a6-11ef-9ed5-6c5d3a0f8f2f,ppb,74,75,39.51701354980469,0.0622410774230957,41092.0,42.93761444091797,413,1
StandardGSGP,2dfde018-85a6-11ef-9ed5-6c5d3a0f8f2f,ppb,74,76,39.169898986816406,0.06145024299621582,41714.0,42.55314254760742,419,1
StandardGSGP,2dfde018-85a6-11ef-9ed5-6c5d3a0f8f2f,ppb,74,77,39.03480911254883,0.06100177764892578,42350.0,42.32316207885742,423,1
StandardGSGP,2dfde018-85a6-11ef-9ed5-6c5d3a0f8f2f,ppb,74,78,38.6717529296875,0.062299489974975586,42954.0,42.11921310424805,431,1
StandardGSGP,2dfde018-85a6-11ef-9ed5-6c5d3a0f8f2f,ppb,74,79,38.487369537353516,0.09089875221252441,43560.0,41.928253173828125,437,1
StandardGSGP,2dfde018-85a6-11ef-9ed5-6c5d3a0f8f2f,ppb,74,80,37.931678771972656,0.06078052520751953,44166.0,41.389984130859375,443,1
StandardGSGP,2dfde018-85a6-11ef-9ed5-6c5d3a0f8f2f,ppb,74,81,37.931678771972656,0.061101675033569336,44750.0,41.389984130859375,443,1
StandardGSGP,2dfde018-85a6-11ef-9ed5-6c5d3a0f8f2f,ppb,74,82,37.931678771972656,0.060907840728759766,45280.0,41.389984130859375,443,1
StandardGSGP,2dfde018-85a6-11ef-9ed5-6c5d3a0f8f2f,ppb,74,83,37.60837936401367,0.06210899353027344,45788.0,41.0407829284668,461,1
StandardGSGP,2dfde018-85a6-11ef-9ed5-6c5d3a0f8f2f,ppb,74,84,37.516109466552734,0.06236004829406738,46392.0,40.932525634765625,467,1
StandardGSGP,2dfde018-85a6-11ef-9ed5-6c5d3a0f8f2f,ppb,74,85,37.295169830322266,0.06049799919128418,46906.0,40.7387580871582,467,1
StandardGSGP,2dfde018-85a6-11ef-9ed5-6c5d3a0f8f2f,ppb,74,86,37.295169830322266,0.06090092658996582,47462.0,40.7387580871582,467,1
StandardGSGP,2dfde018-85a6-11ef-9ed5-6c5d3a0f8f2f,ppb,74,87,37.04168701171875,0.06172800064086914,47970.0,40.5279426574707,479,1
StandardGSGP,2dfde018-85a6-11ef-9ed5-6c5d3a0f8f2f,ppb,74,88,36.820457458496094,0.0614316463470459,48450.0,40.25792694091797,485,1
StandardGSGP,2dfde018-85a6-11ef-9ed5-6c5d3a0f8f2f,ppb,74,89,36.81374740600586,0.05982494354248047,48916.0,40.250396728515625,491,1
StandardGSGP,2dfde018-85a6-11ef-9ed5-6c5d3a0f8f2f,ppb,74,90,36.59601974487305,0.07596492767333984,49450.0,40.03914260864258,497,1
StandardGSGP,2dfde018-85a6-11ef-9ed5-6c5d3a0f8f2f,ppb,74,91,36.394290924072266,0.06046462059020996,50102.0,39.84478759765625,503,1
StandardGSGP,2dfde018-85a6-11ef-9ed5-6c5d3a0f8f2f,ppb,74,92,36.258419036865234,0.06111478805541992,50746.0,39.7132453918457,503,1
StandardGSGP,2dfde018-85a6-11ef-9ed5-6c5d3a0f8f2f,ppb,74,93,35.971187591552734,0.060932159423828125,51274.0,39.43468475341797,509,1
StandardGSGP,2dfde018-85a6-11ef-9ed5-6c5d3a0f8f2f,ppb,74,94,35.88404083251953,0.06184744834899902,51890.0,39.35161590576172,509,1
StandardGSGP,2dfde018-85a6-11ef-9ed5-6c5d3a0f8f2f,ppb,74,95,35.84566116333008,0.09142279624938965,52420.0,39.234893798828125,521,1
StandardGSGP,2dfde018-85a6-11ef-9ed5-6c5d3a0f8f2f,ppb,74,96,35.614078521728516,0.06336522102355957,52986.0,39.09074401855469,521,1
StandardGSGP,2dfde018-85a6-11ef-9ed5-6c5d3a0f8f2f,ppb,74,97,35.57982635498047,0.061364173889160156,53444.0,39.04893493652344,521,1
StandardGSGP,2dfde018-85a6-11ef-9ed5-6c5d3a0f8f2f,ppb,74,98,35.27167510986328,0.061737775802612305,53866.0,38.76980972290039,533,1
StandardGSGP,2dfde018-85a6-11ef-9ed5-6c5d3a0f8f2f,ppb,74,99,35.24334716796875,0.05975961685180664,54108.0,38.744956970214844,539,1
StandardGSGP,2dfde018-85a6-11ef-9ed5-6c5d3a0f8f2f,ppb,74,100,35.182193756103516,0.10869741439819336,54544.0,38.67305374145508,545,1
StandardGSGP,6ccc1831-85a6-11ef-8861-6c5d3a0f8f2f,ppb,74,0,57.22980880737305,0.163588285446167,3660.0,60.118648529052734,3,1
StandardGSGP,6ccc1831-85a6-11ef-8861-6c5d3a0f8f2f,ppb,74,1,57.012939453125,0.042507171630859375,2076.0,59.90546417236328,9,1
StandardGSGP,6ccc1831-85a6-11ef-8861-6c5d3a0f8f2f,ppb,74,2,57.012939453125,0.04138016700744629,1798.0,59.90546417236328,9,1
StandardGSGP,6ccc1831-85a6-11ef-8861-6c5d3a0f8f2f,ppb,74,3,56.75133514404297,0.04255485534667969,2074.0,59.644630432128906,21,1
StandardGSGP,6ccc1831-85a6-11ef-8861-6c5d3a0f8f2f,ppb,74,4,56.48725509643555,0.04086661338806152,2608.0,59.390560150146484,21,1
StandardGSGP,6ccc1831-85a6-11ef-8861-6c5d3a0f8f2f,ppb,74,5,56.288753509521484,0.04245948791503906,3122.0,59.17452621459961,27,1
StandardGSGP,6ccc1831-85a6-11ef-8861-6c5d3a0f8f2f,ppb,74,6,56.058536529541016,0.04066014289855957,3600.0,58.912967681884766,33,1
StandardGSGP,6ccc1831-85a6-11ef-8861-6c5d3a0f8f2f,ppb,74,7,55.885772705078125,0.0419924259185791,4012.0,58.81144714355469,33,1
StandardGSGP,6ccc1831-85a6-11ef-8861-6c5d3a0f8f2f,ppb,74,8,55.770748138427734,0.041632890701293945,4432.0,58.66761779785156,33,1
StandardGSGP,6ccc1831-85a6-11ef-8861-6c5d3a0f8f2f,ppb,74,9,55.57097244262695,0.04037809371948242,4766.0,58.50251388549805,39,1
StandardGSGP,6ccc1831-85a6-11ef-8861-6c5d3a0f8f2f,ppb,74,10,55.018524169921875,0.043125152587890625,5300.0,57.95931625366211,45,1
StandardGSGP,6d2a2788-85a6-11ef-9ed5-6c5d3a0f8f2f,ppb,74,0,57.22980880737305,1.5600123405456543,3660.0,60.118648529052734,3,1
StandardGSGP,6d2a2788-85a6-11ef-9ed5-6c5d3a0f8f2f,ppb,74,1,57.012939453125,0.07637262344360352,2082.0,59.90546417236328,9,1
StandardGSGP,6d2a2788-85a6-11ef-9ed5-6c5d3a0f8f2f,ppb,74,2,57.012939453125,0.07706141471862793,2026.0,59.90546417236328,9,1
StandardGSGP,6d2a2788-85a6-11ef-9ed5-6c5d3a0f8f2f,ppb,74,3,56.786285400390625,0.07697272300720215,2312.0,59.68736267089844,15,1
StandardGSGP,6d2a2788-85a6-11ef-9ed5-6c5d3a0f8f2f,ppb,74,4,56.68245315551758,0.06216835975646973,2782.0,59.5860481262207,21,1
StandardGSGP,6d2a2788-85a6-11ef-9ed5-6c5d3a0f8f2f,ppb,74,5,56.06733322143555,0.07497167587280273,3156.0,58.988372802734375,27,1
StandardGSGP,6d2a2788-85a6-11ef-9ed5-6c5d3a0f8f2f,ppb,74,6,55.86701583862305,0.060875654220581055,3624.0,58.76530075073242,33,1
StandardGSGP,6d2a2788-85a6-11ef-9ed5-6c5d3a0f8f2f,ppb,74,7,55.502357482910156,0.0622100830078125,4048.0,58.42348098754883,39,1
StandardGSGP,6d2a2788-85a6-11ef-9ed5-6c5d3a0f8f2f,ppb,74,8,55.239234924316406,0.06138801574707031,4502.0,58.152992248535156,45,1
StandardGSGP,6d2a2788-85a6-11ef-9ed5-6c5d3a0f8f2f,ppb,74,9,54.80342102050781,0.06121253967285156,5014.0,57.7288932800293,51,1
StandardGSGP,6d2a2788-85a6-11ef-9ed5-6c5d3a0f8f2f,ppb,74,10,54.708988189697266,0.062050819396972656,5528.0,57.5573844909668,59,1
StandardGSGP,6d2a2788-85a6-11ef-9ed5-6c5d3a0f8f2f,ppb,74,11,54.45937728881836,0.06038260459899902,6074.0,57.40095520019531,57,1
StandardGSGP,6d2a2788-85a6-11ef-9ed5-6c5d3a0f8f2f,ppb,74,12,54.04957580566406,0.06096220016479492,6680.0,57.00214767456055,63,1
StandardGSGP,6d2a2788-85a6-11ef-9ed5-6c5d3a0f8f2f,ppb,74,13,53.95264434814453,0.06154489517211914,7222.0,56.907344818115234,69,1
StandardGSGP,6d2a2788-85a6-11ef-9ed5-6c5d3a0f8f2f,ppb,74,14,53.757911682128906,0.06010770797729492,7816.0,56.608394622802734,77,1
StandardGSGP,6d2a2788-85a6-11ef-9ed5-6c5d3a0f8f2f,ppb,74,15,53.464454650878906,0.09307718276977539,8418.0,56.4351806640625,81,1
StandardGSGP,6d2a2788-85a6-11ef-9ed5-6c5d3a0f8f2f,ppb,74,16,53.203575134277344,0.061567068099975586,9014.0,56.09865188598633,89,1
StandardGSGP,6d2a2788-85a6-11ef-9ed5-6c5d3a0f8f2f,ppb,74,17,52.99372482299805,0.06069636344909668,9604.0,55.973045349121094,87,1
StandardGSGP,6d2a2788-85a6-11ef-9ed5-6c5d3a0f8f2f,ppb,74,18,52.64656448364258,0.06061196327209473,9998.0,55.64015197753906,93,1
StandardGSGP,6d2a2788-85a6-11ef-9ed5-6c5d3a0f8f2f,ppb,74,19,52.23220443725586,0.06140327453613281,10558.0,55.196266174316406,105,1
StandardGSGP,6d2a2788-85a6-11ef-9ed5-6c5d3a0f8f2f,ppb,74,20,52.23220443725586,0.06055951118469238,11122.0,55.196266174316406,105,1
StandardGSGP,6d2a2788-85a6-11ef-9ed5-6c5d3a0f8f2f,ppb,74,21,51.720455169677734,0.1096649169921875,11442.0,54.735504150390625,111,1
StandardGSGP,6d2a2788-85a6-11ef-9ed5-6c5d3a0f8f2f,ppb,74,22,51.681514739990234,0.06091165542602539,11988.0,54.639339447021484,111,1
StandardGSGP,6d2a2788-85a6-11ef-9ed5-6c5d3a0f8f2f,ppb,74,23,51.171905517578125,0.07689213752746582,12476.0,54.10962677001953,123,1
StandardGSGP,6d2a2788-85a6-11ef-9ed5-6c5d3a0f8f2f,ppb,74,24,50.80158233642578,0.06174468994140625,13064.0,53.749305725097656,129,1
StandardGSGP,6d2a2788-85a6-11ef-9ed5-6c5d3a0f8f2f,ppb,74,25,50.65827560424805,0.05944204330444336,13532.0,53.613182067871094,135,1
StandardGSGP,6d2a2788-85a6-11ef-9ed5-6c5d3a0f8f2f,ppb,74,26,50.47456359863281,0.06006217002868652,14120.0,53.44011688232422,141,1
StandardGSGP,6d2a2788-85a6-11ef-9ed5-6c5d3a0f8f2f,ppb,74,27,50.21392822265625,0.07577681541442871,14712.0,53.173187255859375,141,1
StandardGSGP,6d2a2788-85a6-11ef-9ed5-6c5d3a0f8f2f,ppb,74,28,49.91693115234375,0.06821608543395996,15236.0,52.9034423828125,147,1
StandardGSGP,6d2a2788-85a6-11ef-9ed5-6c5d3a0f8f2f,ppb,74,29,49.60463333129883,0.060222625732421875,15722.0,52.610923767089844,153,1
StandardGSGP,6d2a2788-85a6-11ef-9ed5-6c5d3a0f8f2f,ppb,74,30,49.60463333129883,0.09090399742126465,16234.0,52.610923767089844,153,1
StandardGSGP,6d2a2788-85a6-11ef-9ed5-6c5d3a0f8f2f,ppb,74,31,49.24468231201172,0.059911489486694336,16722.0,52.133792877197266,171,1
StandardGSGP,6d2a2788-85a6-11ef-9ed5-6c5d3a0f8f2f,ppb,74,32,49.088157653808594,0.0760643482208252,17276.0,52.09893035888672,173,1
StandardGSGP,6d2a2788-85a6-11ef-9ed5-6c5d3a0f8f2f,ppb,74,33,48.626312255859375,0.07712054252624512,17844.0,51.611820220947266,179,1
StandardGSGP,6d2a2788-85a6-11ef-9ed5-6c5d3a0f8f2f,ppb,74,34,48.32319259643555,0.060014963150024414,18388.0,51.354400634765625,185,1
StandardGSGP,6d2a2788-85a6-11ef-9ed5-6c5d3a0f8f2f,ppb,74,35,48.25191116333008,0.06154012680053711,19008.0,51.2850456237793,191,1
StandardGSGP,6d2a2788-85a6-11ef-9ed5-6c5d3a0f8f2f,ppb,74,36,47.85993957519531,0.07634782791137695,19602.0,50.85173416137695,197,1
StandardGSGP,6d2a2788-85a6-11ef-9ed5-6c5d3a0f8f2f,ppb,74,37,47.84556579589844,0.06020975112915039,20224.0,50.8251838684082,203,1
StandardGSGP,6d2a2788-85a6-11ef-9ed5-6c5d3a0f8f2f,ppb,74,38,47.586097717285156,0.06174492835998535,20812.0,50.59280014038086,209,1
StandardGSGP,6d2a2788-85a6-11ef-9ed5-6c5d3a0f8f2f,ppb,74,39,47.25890350341797,0.061097145080566406,21400.0,50.32367706298828,215,1
StandardGSGP,6d2a2788-85a6-11ef-9ed5-6c5d3a0f8f2f,ppb,74,40,47.03638458251953,0.061006784439086914,21986.0,50.108097076416016,221,1
StandardGSGP,6d2a2788-85a6-11ef-9ed5-6c5d3a0f8f2f,ppb,74,41,46.71218490600586,0.06135725975036621,22564.0,49.78773880004883,227,1
StandardGSGP,6d2a2788-85a6-11ef-9ed5-6c5d3a0f8f2f,ppb,74,42,46.60313415527344,0.06211233139038086,23054.0,49.680877685546875,227,1
StandardGSGP,6d2a2788-85a6-11ef-9ed5-6c5d3a0f8f2f,ppb,74,43,46.380126953125,0.07586503028869629,23568.0,49.45696258544922,233,1
StandardGSGP,6d2a2788-85a6-11ef-9ed5-6c5d3a0f8f2f,ppb,74,44,46.00304412841797,0.06271862983703613,24190.0,49.12127685546875,239,1
StandardGSGP,6d2a2788-85a6-11ef-9ed5-6c5d3a0f8f2f,ppb,74,45,45.6506233215332,0.0932931900024414,24862.0,48.81443405151367,245,1
StandardGSGP,6d2a2788-85a6-11ef-9ed5-6c5d3a0f8f2f,ppb,74,46,45.484317779541016,0.06039595603942871,25454.0,48.59320068359375,251,1
StandardGSGP,6d2a2788-85a6-11ef-9ed5-6c5d3a0f8f2f,ppb,74,47,45.112876892089844,0.09089517593383789,25950.0,48.22624588012695,257,1
StandardGSGP,6d2a2788-85a6-11ef-9ed5-6c5d3a0f8f2f,ppb,74,48,45.02398681640625,0.06073951721191406,26542.0,48.13930130004883,263,1
StandardGSGP,6d2a2788-85a6-11ef-9ed5-6c5d3a0f8f2f,ppb,74,49,44.79058837890625,0.062406301498413086,26978.0,47.954742431640625,265,1
StandardGSGP,6d2a2788-85a6-11ef-9ed5-6c5d3a0f8f2f,ppb,74,50,44.604679107666016,0.060530900955200195,27376.0,47.76033401489258,269,1
StandardGSGP,6d2a2788-85a6-11ef-9ed5-6c5d3a0f8f2f,ppb,74,51,44.416873931884766,0.06258606910705566,27774.0,47.58091735839844,271,1
StandardGSGP,6d2a2788-85a6-11ef-9ed5-6c5d3a0f8f2f,ppb,74,52,44.00922775268555,0.06063270568847656,28188.0,47.195064544677734,277,1
StandardGSGP,6d2a2788-85a6-11ef-9ed5-6c5d3a0f8f2f,ppb,74,53,43.76421356201172,0.06077718734741211,28642.0,46.94025802612305,283,1
StandardGSGP,6d2a2788-85a6-11ef-9ed5-6c5d3a0f8f2f,ppb,74,54,43.72767639160156,0.06235957145690918,29134.0,46.91912078857422,289,1
StandardGSGP,6d2a2788-85a6-11ef-9ed5-6c5d3a0f8f2f,ppb,74,55,43.63923263549805,0.06227707862854004,29624.0,46.83361053466797,295,1
StandardGSGP,6d2a2788-85a6-11ef-9ed5-6c5d3a0f8f2f,ppb,74,56,43.365257263183594,0.05934715270996094,30086.0,46.56623458862305,301,1
StandardGSGP,6d2a2788-85a6-11ef-9ed5-6c5d3a0f8f2f,ppb,74,57,43.18871307373047,0.0615696907043457,30632.0,46.39429473876953,307,1
StandardGSGP,6d2a2788-85a6-11ef-9ed5-6c5d3a0f8f2f,ppb,74,58,43.041465759277344,0.12160110473632812,31110.0,46.233333587646484,313,1
StandardGSGP,6d2a2788-85a6-11ef-9ed5-6c5d3a0f8f2f,ppb,74,59,43.01609420776367,0.07660841941833496,31710.0,46.28892135620117,319,1
StandardGSGP,6d2a2788-85a6-11ef-9ed5-6c5d3a0f8f2f,ppb,74,60,42.70363235473633,0.09041428565979004,32328.0,45.95460510253906,319,1
StandardGSGP,6d2a2788-85a6-11ef-9ed5-6c5d3a0f8f2f,ppb,74,61,42.37826919555664,0.06053280830383301,32978.0,45.67249298095703,327,1
StandardGSGP,6d2a2788-85a6-11ef-9ed5-6c5d3a0f8f2f,ppb,74,62,42.14537811279297,0.06271791458129883,33498.0,45.411460876464844,339,1
StandardGSGP,6d2a2788-85a6-11ef-9ed5-6c5d3a0f8f2f,ppb,74,63,42.11602020263672,0.07562756538391113,34086.0,45.38016128540039,345,1
StandardGSGP,6d2a2788-85a6-11ef-9ed5-6c5d3a0f8f2f,ppb,74,64,41.988914489746094,0.060643911361694336,34684.0,45.29074478149414,345,1
StandardGSGP,6d2a2788-85a6-11ef-9ed5-6c5d3a0f8f2f,ppb,74,65,41.74601745605469,0.07834267616271973,35224.0,45.01565933227539,351,1
StandardGSGP,6d2a2788-85a6-11ef-9ed5-6c5d3a0f8f2f,ppb,74,66,41.61195373535156,0.06103992462158203,35796.0,44.83534240722656,357,1
StandardGSGP,6d2a2788-85a6-11ef-9ed5-6c5d3a0f8f2f,ppb,74,67,41.27275848388672,0.06142163276672363,36388.0,44.50662612915039,363,1
StandardGSGP,6d2a2788-85a6-11ef-9ed5-6c5d3a0f8f2f,ppb,74,68,41.184776306152344,0.06041598320007324,36960.0,44.56447982788086,369,1
StandardGSGP,6d2a2788-85a6-11ef-9ed5-6c5d3a0f8f2f,ppb,74,69,40.710201263427734,0.06162095069885254,37502.0,44.12557601928711,375,1
StandardGSGP,6d2a2788-85a6-11ef-9ed5-6c5d3a0f8f2f,ppb,74,70,40.375614166259766,0.059592247009277344,38116.0,43.72883224487305,383,1
StandardGSGP,6d2a2788-85a6-11ef-9ed5-6c5d3a0f8f2f,ppb,74,71,40.278968811035156,0.07650017738342285,38710.0,43.636688232421875,389,1
StandardGSGP,6d2a2788-85a6-11ef-9ed5-6c5d3a0f8f2f,ppb,74,72,39.89291763305664,0.06158161163330078,39348.0,43.26494598388672,395,1
StandardGSGP,6d2a2788-85a6-11ef-9ed5-6c5d3a0f8f2f,ppb,74,73,39.77593231201172,0.061530351638793945,39926.0,43.16191101074219,401,1
StandardGSGP,6d2a2788-85a6-11ef-9ed5-6c5d3a0f8f2f,ppb,74,74,39.521095275878906,0.05945920944213867,40470.0,42.940956115722656,407,1
StandardGSGP,6d2a2788-85a6-11ef-9ed5-6c5d3a0f8f2f,ppb,74,75,39.51701354980469,0.059839487075805664,41092.0,42.93761444091797,413,1
StandardGSGP,6d2a2788-85a6-11ef-9ed5-6c5d3a0f8f2f,ppb,74,76,39.169898986816406,0.09220361709594727,41714.0,42.55314254760742,419,1
StandardGSGP,6d2a2788-85a6-11ef-9ed5-6c5d3a0f8f2f,ppb,74,77,39.03480911254883,0.06073808670043945,42350.0,42.32316207885742,423,1
StandardGSGP,6d2a2788-85a6-11ef-9ed5-6c5d3a0f8f2f,ppb,74,78,38.6717529296875,0.07634663581848145,42954.0,42.11921310424805,431,1
StandardGSGP,6d2a2788-85a6-11ef-9ed5-6c5d3a0f8f2f,ppb,74,79,38.487369537353516,0.0606229305267334,43560.0,41.928253173828125,437,1
StandardGSGP,6d2a2788-85a6-11ef-9ed5-6c5d3a0f8f2f,ppb,74,80,37.931678771972656,0.06059980392456055,44166.0,41.389984130859375,443,1
StandardGSGP,6d2a2788-85a6-11ef-9ed5-6c5d3a0f8f2f,ppb,74,81,37.931678771972656,0.06253361701965332,44750.0,41.389984130859375,443,1
StandardGSGP,6d2a2788-85a6-11ef-9ed5-6c5d3a0f8f2f,ppb,74,82,37.931678771972656,0.06107735633850098,45280.0,41.389984130859375,443,1
StandardGSGP,6d2a2788-85a6-11ef-9ed5-6c5d3a0f8f2f,ppb,74,83,37.60837936401367,0.06001400947570801,45788.0,41.0407829284668,461,1
StandardGSGP,6d2a2788-85a6-11ef-9ed5-6c5d3a0f8f2f,ppb,74,84,37.516109466552734,0.061263322830200195,46392.0,40.932525634765625,467,1
StandardGSGP,6d2a2788-85a6-11ef-9ed5-6c5d3a0f8f2f,ppb,74,85,37.295169830322266,0.06125831604003906,46906.0,40.7387580871582,467,1
StandardGSGP,6d2a2788-85a6-11ef-9ed5-6c5d3a0f8f2f,ppb,74,86,37.295169830322266,0.05927586555480957,47462.0,40.7387580871582,467,1
StandardGSGP,6d2a2788-85a6-11ef-9ed5-6c5d3a0f8f2f,ppb,74,87,37.04168701171875,0.06273484230041504,47970.0,40.5279426574707,479,1
StandardGSGP,6d2a2788-85a6-11ef-9ed5-6c5d3a0f8f2f,ppb,74,88,36.820457458496094,0.06037759780883789,48450.0,40.25792694091797,485,1
StandardGSGP,6d2a2788-85a6-11ef-9ed5-6c5d3a0f8f2f,ppb,74,89,36.81374740600586,0.0617067813873291,48916.0,40.250396728515625,491,1
StandardGSGP,6d2a2788-85a6-11ef-9ed5-6c5d3a0f8f2f,ppb,74,90,36.59601974487305,0.07623076438903809,49450.0,40.03914260864258,497,1
StandardGSGP,6d2a2788-85a6-11ef-9ed5-6c5d3a0f8f2f,ppb,74,91,36.394290924072266,0.06163477897644043,50102.0,39.84478759765625,503,1
StandardGSGP,6d2a2788-85a6-11ef-9ed5-6c5d3a0f8f2f,ppb,74,92,36.258419036865234,0.09144043922424316,50746.0,39.7132453918457,503,1
StandardGSGP,6d2a2788-85a6-11ef-9ed5-6c5d3a0f8f2f,ppb,74,93,35.971187591552734,0.10813355445861816,51274.0,39.43468475341797,509,1
StandardGSGP,6d2a2788-85a6-11ef-9ed5-6c5d3a0f8f2f,ppb,74,94,35.88404083251953,0.06181025505065918,51890.0,39.35161590576172,509,1
StandardGSGP,6d2a2788-85a6-11ef-9ed5-6c5d3a0f8f2f,ppb,74,95,35.84566116333008,0.06139230728149414,52420.0,39.234893798828125,521,1
StandardGSGP,6d2a2788-85a6-11ef-9ed5-6c5d3a0f8f2f,ppb,74,96,35.614078521728516,0.07619333267211914,52986.0,39.09074401855469,521,1
StandardGSGP,6d2a2788-85a6-11ef-9ed5-6c5d3a0f8f2f,ppb,74,97,35.57982635498047,0.07591962814331055,53444.0,39.04893493652344,521,1
StandardGSGP,6d2a2788-85a6-11ef-9ed5-6c5d3a0f8f2f,ppb,74,98,35.27167510986328,0.060983896255493164,53866.0,38.76980972290039,533,1
StandardGSGP,6d2a2788-85a6-11ef-9ed5-6c5d3a0f8f2f,ppb,74,99,35.24334716796875,0.06236720085144043,54108.0,38.744956970214844,539,1
StandardGSGP,6d2a2788-85a6-11ef-9ed5-6c5d3a0f8f2f,ppb,74,100,35.182193756103516,0.12375402450561523,54544.0,38.67305374145508,545,1
StandardGSGP,858392ef-85a6-11ef-b1e6-6c5d3a0f8f2f,ppb,74,0,57.22980880737305,0.15458917617797852,3660.0,60.118648529052734,3,1
StandardGSGP,858392ef-85a6-11ef-b1e6-6c5d3a0f8f2f,ppb,74,1,57.012939453125,0.0424351692199707,2076.0,59.90546417236328,9,1
StandardGSGP,858392ef-85a6-11ef-b1e6-6c5d3a0f8f2f,ppb,74,2,57.012939453125,0.03902578353881836,1798.0,59.90546417236328,9,1
StandardGSGP,da9b016a-85a6-11ef-b1e6-6c5d3a0f8f2f,ppb,74,0,57.22980880737305,0.1573474407196045,3660.0,60.118648529052734,3,1
StandardGSGP,da9b016a-85a6-11ef-b1e6-6c5d3a0f8f2f,ppb,74,1,57.012939453125,0.04003286361694336,2076.0,59.90546417236328,9,1
StandardGSGP,da9b016a-85a6-11ef-b1e6-6c5d3a0f8f2f,ppb,74,2,57.012939453125,0.03937816619873047,1798.0,59.90546417236328,9,1
StandardGSGP,45685176-85a8-11ef-b1e6-6c5d3a0f8f2f,ppb,74,0,57.22980880737305,0.15534210205078125,3660.0,60.118648529052734,3,1
StandardGSGP,45685176-85a8-11ef-b1e6-6c5d3a0f8f2f,ppb,74,1,57.012939453125,0.0400693416595459,2076.0,59.90546417236328,9,1
StandardGSGP,45685176-85a8-11ef-b1e6-6c5d3a0f8f2f,ppb,74,2,57.012939453125,0.040633201599121094,1798.0,59.90546417236328,9,1
StandardGSGP,a20783ef-85a8-11ef-b1e6-6c5d3a0f8f2f,ppb,74,0,57.22980880737305,0.15444660186767578,3660.0,60.118648529052734,3,1
StandardGSGP,a20783ef-85a8-11ef-b1e6-6c5d3a0f8f2f,ppb,74,1,57.012939453125,0.04010486602783203,2076.0,59.90546417236328,9,1
StandardGSGP,a20783ef-85a8-11ef-b1e6-6c5d3a0f8f2f,ppb,74,2,57.012939453125,0.04020500183105469,1798.0,59.90546417236328,9,1
StandardGSGP,33a89b43-85a9-11ef-b1e6-6c5d3a0f8f2f,ppb,74,0,57.22980880737305,0.15390515327453613,3660.0,60.118648529052734,3,1
StandardGSGP,33a89b43-85a9-11ef-b1e6-6c5d3a0f8f2f,ppb,74,1,57.012939453125,0.03956937789916992,2076.0,59.90546417236328,9,1
StandardGSGP,33a89b43-85a9-11ef-b1e6-6c5d3a0f8f2f,ppb,74,2,57.012939453125,0.0386052131652832,1798.0,59.90546417236328,9,1
StandardGSGP,db84fe06-85aa-11ef-b1e6-6c5d3a0f8f2f,ppb,74,0,57.22980880737305,0.15458965301513672,3660.0,60.118648529052734,3,1
StandardGSGP,db84fe06-85aa-11ef-b1e6-6c5d3a0f8f2f,ppb,74,1,57.012939453125,0.039563655853271484,2076.0,59.90546417236328,9,1
StandardGSGP,db84fe06-85aa-11ef-b1e6-6c5d3a0f8f2f,ppb,74,2,57.012939453125,0.04132437705993652,1798.0,59.90546417236328,9,1
